person_id,diabetes_type,lookback_minutes,prediction_horizon_minutes,glucose_threshold_mg_dl,raw_rows,invalid_timestamps,non_numeric_glucose,duplicate_timestamps,recording_segments,candidate_windows,valid_windows,positive_windows,negative_windows,positive_rate,insufficient_history,insufficient_future,no_numeric_future,status
1636-69-001,T2D,30,120,180,1846,0,0,0,4,1728,1688,145,1543,0.08590047393364929,10,30,0,OK
1636-69-001,T2D,60,120,180,1846,0,0,0,4,1704,1658,139,1519,0.08383594692400483,16,30,0,OK
1636-69-001,T2D,120,120,180,1846,0,0,0,4,1656,1598,118,1480,0.07384230287859825,28,30,0,OK
1636-69-026,Prediabetes,30,120,180,1796,0,0,0,4,1680,1595,50,1545,0.03134796238244514,34,51,0,OK
1636-69-026,Prediabetes,60,120,180,1796,0,0,0,4,1656,1565,50,1515,0.03194888178913738,39,52,0,OK
1636-69-026,Prediabetes,120,120,180,1796,0,0,0,4,1610,1507,50,1457,0.033178500331785,51,52,0,OK
1636-69-028,No diabetes,30,120,180,1822,0,0,0,6,1671,1600,140,1460,0.0875,25,46,0,OK
1636-69-028,No diabetes,60,120,180,1822,0,0,0,6,1641,1567,140,1427,0.08934269304403318,28,46,0,OK
1636-69-028,No diabetes,120,120,180,1822,0,0,0,6,1581,1499,140,1359,0.0933955970647098,36,46,0,OK
1636-69-032,Prediabetes,30,120,180,1783,0,0,0,1,1753,1721,26,1695,0.015107495642068565,7,25,0,OK
1636-69-032,Prediabetes,60,120,180,1783,0,0,0,1,1747,1709,26,1683,0.015213575190169689,13,25,0,OK
1636-69-032,Prediabetes,120,120,180,1783,0,0,0,1,1735,1685,26,1659,0.01543026706231454,25,25,0,OK
1636-69-035,No diabetes,30,120,180,2180,0,0,0,24,1514,1436,127,1309,0.08844011142061281,26,52,0,OK
1636-69-035,No diabetes,60,120,180,2180,0,0,0,24,1390,1309,127,1182,0.09702062643239114,31,50,0,OK
1636-69-035,No diabetes,120,120,180,2180,0,0,0,24,1164,1078,116,962,0.10760667903525047,38,48,0,OK
1636-69-048,No diabetes,30,120,180,1779,0,0,0,2,1719,1684,0,1684,0.0,10,25,0,OK
1636-69-048,No diabetes,60,120,180,1779,0,0,0,2,1707,1666,0,1666,0.0,16,25,0,OK
1636-69-048,No diabetes,120,120,180,1779,0,0,0,2,1683,1631,0,1631,0.0,26,26,0,OK
1636-69-053,No diabetes,30,120,180,1867,0,0,0,7,1660,1586,25,1561,0.015762925598991173,32,42,0,OK
1636-69-053,No diabetes,60,120,180,1867,0,0,0,7,1618,1545,25,1520,0.016181229773462782,38,35,0,OK
1636-69-053,No diabetes,120,120,180,1867,0,0,0,7,1535,1476,25,1451,0.016937669376693765,36,23,0,OK
1636-69-060,No diabetes,30,120,180,1821,0,0,0,4,1706,1654,46,1608,0.02781136638452237,25,27,0,OK
1636-69-060,No diabetes,60,120,180,1821,0,0,0,4,1682,1629,46,1583,0.028238182934315532,25,28,0,OK
1636-69-060,No diabetes,120,120,180,1821,0,0,0,4,1635,1583,48,1535,0.030322173089071383,25,27,0,OK
1636-69-064,No diabetes,30,120,180,1584,0,0,0,3,1495,1452,75,1377,0.05165289256198347,23,20,0,OK
1636-69-064,No diabetes,60,120,180,1584,0,0,0,3,1479,1436,75,1361,0.05222841225626741,23,20,0,OK
1636-69-064,No diabetes,120,120,180,1584,0,0,0,3,1443,1401,75,1326,0.05353319057815846,22,20,0,OK
1636-69-069,No diabetes,30,120,180,1897,0,0,0,10,1632,1515,51,1464,0.033663366336633666,52,65,0,OK
1636-69-069,No diabetes,60,120,180,1897,0,0,0,10,1585,1464,50,1414,0.03415300546448088,60,61,0,OK
1636-69-069,No diabetes,120,120,180,1897,0,0,0,10,1479,1353,47,1306,0.03473762010347376,63,63,0,OK
1636-69-090,Prediabetes,30,120,180,1863,0,0,0,10,1618,1592,78,1514,0.048994974874371856,15,11,0,OK
1636-69-090,Prediabetes,60,120,180,1863,0,0,0,10,1571,1545,77,1468,0.04983818770226537,15,11,0,OK
1636-69-090,Prediabetes,120,120,180,1863,0,0,0,10,1475,1449,77,1372,0.05314009661835749,15,11,0,OK
1636-69-091,T2D,30,120,180,1803,0,0,0,4,1685,1639,0,1639,0.0,23,23,0,OK
1636-69-091,T2D,60,120,180,1803,0,0,0,4,1661,1615,0,1615,0.0,23,23,0,OK
1636-69-091,T2D,120,120,180,1803,0,0,0,4,1624,1580,0,1580,0.0,22,22,0,OK
1636-69-100,No diabetes,30,120,180,1880,0,0,0,8,1647,1554,0,1554,0.0,40,53,0,OK
1636-69-100,No diabetes,60,120,180,1880,0,0,0,8,1600,1504,0,1504,0.0,43,53,0,OK
1636-69-100,No diabetes,120,120,180,1880,0,0,0,8,1516,1423,0,1423,0.0,51,42,0,OK
1636-69-104,No diabetes,30,120,180,2361,0,0,0,52,1169,1058,0,1058,0.0,58,53,0,OK
1636-69-104,No diabetes,60,120,180,2361,0,0,0,52,995,895,0,895,0.0,54,46,0,OK
1636-69-104,No diabetes,120,120,180,2361,0,0,0,52,702,625,0,625,0.0,42,35,0,OK
1636-69-107,No diabetes,30,120,180,1897,0,0,0,9,1659,1557,30,1527,0.019267822736030827,40,62,0,OK
1636-69-107,No diabetes,60,120,180,1897,0,0,0,9,1613,1508,30,1478,0.01989389920424403,42,63,0,OK
1636-69-107,No diabetes,120,120,180,1897,0,0,0,9,1517,1406,31,1375,0.022048364153627313,58,53,0,OK
1636-69-111,No diabetes,30,120,180,1868,0,1,0,8,1636,1616,0,1616,0.0,10,10,0,OK
1636-69-111,No diabetes,60,120,180,1868,0,1,0,8,1594,1574,0,1574,0.0,10,10,0,OK
1636-69-111,No diabetes,120,120,180,1868,0,1,0,8,1511,1491,0,1491,0.0,10,10,0,OK
1636-69-114,Prediabetes,30,120,180,1796,0,0,0,2,1736,1716,0,1716,0.0,10,10,0,OK
1636-69-114,Prediabetes,60,120,180,1796,0,0,0,2,1724,1704,0,1704,0.0,10,10,0,OK
1636-69-114,Prediabetes,120,120,180,1796,0,0,0,2,1700,1680,0,1680,0.0,10,10,0,OK
1636-69-123,No diabetes,30,120,180,1905,0,0,0,8,1671,1664,0,1664,0.0,4,3,0,OK
1636-69-123,No diabetes,60,120,180,1905,0,0,0,8,1626,1621,0,1621,0.0,3,2,0,OK
1636-69-123,No diabetes,120,120,180,1905,0,0,0,8,1535,1533,0,1533,0.0,0,2,0,OK
1636-70-1002,No diabetes,30,120,180,1794,0,0,0,2,1735,1680,0,1680,0.0,20,35,0,OK
1636-70-1002,No diabetes,60,120,180,1794,0,0,0,2,1723,1660,0,1660,0.0,26,37,0,OK
1636-70-1002,No diabetes,120,120,180,1794,0,0,0,2,1699,1624,0,1624,0.0,38,37,0,OK
1636-70-1003,No diabetes,30,120,180,1895,0,0,0,13,1541,1461,0,1461,0.0,32,48,0,OK
1636-70-1003,No diabetes,60,120,180,1895,0,0,0,13,1471,1383,0,1383,0.0,41,47,0,OK
1636-70-1003,No diabetes,120,120,180,1895,0,0,0,13,1351,1256,0,1256,0.0,52,43,0,OK
1636-70-1005,Prediabetes,30,120,180,1846,0,0,0,7,1642,1611,66,1545,0.040968342644320296,17,14,0,OK
1636-70-1005,Prediabetes,60,120,180,1846,0,0,0,7,1602,1571,62,1509,0.03946530872056015,17,14,0,OK
1636-70-1005,Prediabetes,120,120,180,1846,0,0,0,7,1531,1500,62,1438,0.04133333333333333,17,14,0,OK
1636-70-1008,No diabetes,30,120,180,1760,0,0,0,1,1730,1652,41,1611,0.024818401937046004,30,48,0,OK
1636-70-1008,No diabetes,60,120,180,1760,0,0,0,1,1724,1640,41,1599,0.025,36,48,0,OK
1636-70-1008,No diabetes,120,120,180,1760,0,0,0,1,1712,1616,41,1575,0.025371287128712873,49,47,0,OK
1636-70-1010,Prediabetes,30,120,180,1820,0,0,0,6,1648,1620,28,1592,0.01728395061728395,17,11,0,OK
1636-70-1010,Prediabetes,60,120,180,1820,0,0,0,6,1619,1591,28,1563,0.01759899434318039,17,11,0,OK
1636-70-1010,Prediabetes,120,120,180,1820,0,0,0,6,1561,1532,28,1504,0.018276762402088774,18,11,0,OK
2133-001,No diabetes,30,120,180,1814,0,0,0,5,1665,1617,25,1592,0.015460729746444033,17,31,0,OK
2133-001,No diabetes,60,120,180,1814,0,0,0,5,1635,1582,25,1557,0.01580278128950695,23,30,0,OK
2133-001,No diabetes,120,120,180,1814,0,0,0,5,1579,1514,25,1489,0.016512549537648614,35,30,0,OK
2133-002,No diabetes,30,120,180,1806,0,0,0,8,1580,1537,0,1537,0.0,13,30,0,OK
2133-002,No diabetes,60,120,180,1806,0,0,0,8,1538,1489,0,1489,0.0,19,30,0,OK
2133-002,No diabetes,120,120,180,1806,0,0,0,8,1455,1395,0,1395,0.0,29,31,0,OK
2133-003,No diabetes,30,120,180,1805,0,0,0,2,1745,1741,30,1711,0.01723147616312464,2,2,0,OK
2133-003,No diabetes,60,120,180,1805,0,0,0,2,1733,1730,27,1703,0.01560693641618497,2,1,0,OK
2133-003,No diabetes,120,120,180,1805,0,0,0,2,1709,1706,27,1679,0.015826494724501757,2,1,0,OK
2133-004,T2D,30,120,180,1776,0,0,0,1,1746,1702,204,1498,0.11985898942420682,14,30,0,OK
2133-004,T2D,60,120,180,1776,0,0,0,1,1740,1689,203,1486,0.1201894612196566,21,30,0,OK
2133-004,T2D,120,120,180,1776,0,0,0,1,1728,1666,202,1464,0.1212484993997599,31,31,0,OK
2133-006,No diabetes,30,120,180,1777,0,0,0,1,1747,1735,0,1735,0.0,6,6,0,OK
2133-006,No diabetes,60,120,180,1777,0,0,0,1,1741,1729,0,1729,0.0,6,6,0,OK
2133-006,No diabetes,120,120,180,1777,0,0,0,1,1729,1717,0,1717,0.0,6,6,0,OK
2133-007,No diabetes,30,120,180,1877,0,0,0,15,1480,1382,13,1369,0.009406657018813314,40,58,0,OK
2133-007,No diabetes,60,120,180,1877,0,0,0,15,1420,1316,7,1309,0.005319148936170213,46,58,0,OK
2133-007,No diabetes,120,120,180,1877,0,0,0,15,1313,1205,0,1205,0.0,54,54,0,OK
2133-008,No diabetes,30,120,180,1805,0,0,0,2,1745,1710,0,1710,0.0,9,26,0,OK
2133-008,No diabetes,60,120,180,1805,0,0,0,2,1733,1693,0,1693,0.0,15,25,0,OK
2133-008,No diabetes,120,120,180,1805,0,0,0,2,1709,1657,0,1657,0.0,27,25,0,OK
2133-009,No diabetes,30,120,180,1781,0,0,0,1,1751,1745,15,1730,0.008595988538681949,3,3,0,OK
2133-009,No diabetes,60,120,180,1781,0,0,0,1,1745,1739,9,1730,0.005175388154111558,3,3,0,OK
2133-009,No diabetes,120,120,180,1781,0,0,0,1,1733,1727,0,1727,0.0,3,3,0,OK
2133-010,No diabetes,30,120,180,1832,0,0,0,9,1579,1539,0,1539,0.0,21,19,0,OK
2133-010,No diabetes,60,120,180,1832,0,0,0,9,1542,1503,0,1503,0.0,22,17,0,OK
2133-010,No diabetes,120,120,180,1832,0,0,0,9,1474,1438,0,1438,0.0,20,16,0,OK
2133-011,No diabetes,30,120,180,1933,0,3,0,9,1668,1599,30,1569,0.01876172607879925,29,40,0,OK
2133-011,No diabetes,60,120,180,1933,0,3,0,9,1617,1543,30,1513,0.019442644199611146,36,38,0,OK
2133-011,No diabetes,120,120,180,1933,0,3,0,9,1528,1448,25,1423,0.017265193370165747,43,37,0,OK
2133-012,No diabetes,30,120,180,1935,0,0,0,8,1696,1689,0,1689,0.0,2,5,0,OK
2133-012,No diabetes,60,120,180,1935,0,0,0,8,1648,1641,0,1641,0.0,2,5,0,OK
2133-012,No diabetes,120,120,180,1935,0,0,0,8,1552,1545,0,1545,0.0,2,5,0,OK
2133-013,No diabetes,30,120,180,1960,0,1,0,17,1502,1391,8,1383,0.005751258087706686,55,56,0,OK
2133-013,No diabetes,60,120,180,1960,0,1,0,17,1432,1320,7,1313,0.005303030303030303,59,53,0,OK
2133-013,No diabetes,120,120,180,1960,0,1,0,17,1305,1194,8,1186,0.006700167504187605,63,48,0,OK
2133-015,Prediabetes,30,120,180,1835,0,0,0,6,1680,1588,31,1557,0.01952141057934509,38,54,0,OK
2133-015,Prediabetes,60,120,180,1835,0,0,0,6,1652,1557,27,1530,0.017341040462427744,43,52,0,OK
2133-015,Prediabetes,120,120,180,1835,0,0,0,6,1594,1488,26,1462,0.01747311827956989,53,53,0,OK
2133-017,Prediabetes,30,120,180,1799,0,0,0,5,1654,1621,26,1595,0.016039481801357187,19,14,0,OK
2133-017,Prediabetes,60,120,180,1799,0,0,0,5,1628,1591,26,1565,0.016341923318667503,23,14,0,OK
2133-017,Prediabetes,120,120,180,1799,0,0,0,5,1582,1545,26,1519,0.016828478964401296,23,14,0,OK
2133-018,T2D,30,120,180,1775,0,0,0,1,1745,1690,436,1254,0.2579881656804734,20,35,0,OK
2133-018,T2D,60,120,180,1775,0,0,0,1,1739,1678,436,1242,0.2598331346841478,26,35,0,OK
2133-018,T2D,120,120,180,1775,0,0,0,1,1727,1654,437,1217,0.2642079806529625,38,35,0,OK
2133-019,Prediabetes,30,120,180,1801,0,0,0,6,1623,1594,25,1569,0.015683814303638646,15,14,0,OK
2133-019,Prediabetes,60,120,180,1801,0,0,0,6,1587,1561,25,1536,0.016015374759769378,16,10,0,OK
2133-019,Prediabetes,120,120,180,1801,0,0,0,6,1526,1505,25,1480,0.016611295681063124,12,9,0,OK
2133-020,No diabetes,30,120,180,1826,0,0,0,3,1736,1731,69,1662,0.03986135181975736,3,2,0,OK
2133-020,No diabetes,60,120,180,1826,0,0,0,3,1718,1713,69,1644,0.040280210157618214,3,2,0,OK
2133-020,No diabetes,120,120,180,1826,0,0,0,3,1682,1678,69,1609,0.041120381406436236,2,2,0,OK
2133-021,Prediabetes,30,120,180,1797,0,0,0,2,1737,1723,334,1389,0.1938479396401625,8,6,0,OK
2133-021,Prediabetes,60,120,180,1797,0,0,0,2,1725,1712,334,1378,0.19509345794392524,8,5,0,OK
2133-021,Prediabetes,120,120,180,1797,0,0,0,2,1703,1691,334,1357,0.19751626256652868,9,3,0,OK
2133-022,No diabetes,30,120,180,1814,0,1,0,3,1724,1667,65,1602,0.038992201559688064,19,38,0,OK
2133-022,No diabetes,60,120,180,1814,0,1,0,3,1712,1649,60,1589,0.036385688295936934,25,38,0,OK
2133-022,No diabetes,120,120,180,1814,0,1,0,3,1688,1614,61,1553,0.037794299876084264,37,37,0,OK
2133-023,No diabetes,30,120,180,1838,0,3,0,5,1716,1697,0,1697,0.0,9,10,0,OK
2133-023,No diabetes,60,120,180,1838,0,3,0,5,1693,1674,0,1674,0.0,9,10,0,OK
2133-023,No diabetes,120,120,180,1838,0,3,0,5,1645,1626,0,1626,0.0,9,10,0,OK
2133-024,Prediabetes,30,120,180,1821,0,0,0,3,1732,1688,0,1688,0.0,15,29,0,OK
2133-024,Prediabetes,60,120,180,1821,0,0,0,3,1715,1665,0,1665,0.0,20,30,0,OK
2133-024,Prediabetes,120,120,180,1821,0,0,0,3,1679,1617,0,1617,0.0,32,30,0,OK
2133-025,No diabetes,30,120,180,1865,0,0,0,6,1685,1639,0,1639,0.0,16,30,0,OK
2133-025,No diabetes,60,120,180,1865,0,0,0,6,1649,1599,0,1599,0.0,20,30,0,OK
2133-025,No diabetes,120,120,180,1865,0,0,0,6,1577,1516,0,1516,0.0,32,29,0,OK
2133-026,No diabetes,30,120,180,1782,0,0,0,1,1752,1716,0,1716,0.0,9,27,0,OK
2133-026,No diabetes,60,120,180,1782,0,0,0,1,1746,1704,0,1704,0.0,15,27,0,OK
2133-026,No diabetes,120,120,180,1782,0,0,0,1,1734,1680,0,1680,0.0,27,27,0,OK
2133-027,Prediabetes,30,120,180,1936,0,0,0,11,1613,1570,0,1570,0.0,21,22,0,OK
2133-027,Prediabetes,60,120,180,1936,0,0,0,11,1550,1509,0,1509,0.0,25,16,0,OK
2133-027,Prediabetes,120,120,180,1936,0,0,0,11,1435,1398,0,1398,0.0,26,11,0,OK
2133-028,No diabetes,30,120,180,1850,0,0,0,4,1730,1730,0,1730,0.0,0,0,0,OK
2133-028,No diabetes,60,120,180,1850,0,0,0,4,1706,1706,0,1706,0.0,0,0,0,OK
2133-028,No diabetes,120,120,180,1850,0,0,0,4,1658,1658,0,1658,0.0,0,0,0,OK
2133-030,No diabetes,30,120,180,1818,0,0,0,3,1733,1694,0,1694,0.0,12,27,0,OK
2133-030,No diabetes,60,120,180,1818,0,0,0,3,1715,1671,0,1671,0.0,16,28,0,OK
2133-030,No diabetes,120,120,180,1818,0,0,0,3,1680,1624,0,1624,0.0,28,28,0,OK
2133-032,No diabetes,30,120,180,1781,0,0,0,1,1751,1712,0,1712,0.0,11,28,0,OK
2133-032,No diabetes,60,120,180,1781,0,0,0,1,1745,1702,0,1702,0.0,17,26,0,OK
2133-032,No diabetes,120,120,180,1781,0,0,0,1,1733,1678,0,1678,0.0,29,26,0,OK
2133-033,No diabetes,30,120,180,1892,0,0,0,8,1667,1600,0,1600,0.0,26,41,0,OK
2133-033,No diabetes,60,120,180,1892,0,0,0,8,1625,1551,0,1551,0.0,32,42,0,OK
2133-033,No diabetes,120,120,180,1892,0,0,0,8,1555,1469,0,1469,0.0,44,42,0,OK
2133-035,Prediabetes,30,120,180,1830,0,0,0,8,1629,1490,28,1462,0.01879194630872483,72,67,0,OK
2133-035,Prediabetes,60,120,180,1830,0,0,0,8,1595,1460,28,1432,0.019178082191780823,67,68,0,OK
2133-035,Prediabetes,120,120,180,1830,0,0,0,8,1537,1392,28,1364,0.020114942528735632,83,62,0,OK
2133-036,Prediabetes,30,120,180,1954,0,0,0,22,1395,1245,53,1192,0.04257028112449799,67,83,0,OK
2133-036,Prediabetes,60,120,180,1954,0,0,0,22,1294,1144,52,1092,0.045454545454545456,72,78,0,OK
2133-036,Prediabetes,120,120,180,1954,0,0,0,22,1084,956,54,902,0.056485355648535567,55,73,0,OK
2133-037,No diabetes,30,120,180,1785,0,0,0,2,1725,1653,0,1653,0.0,28,44,0,OK
2133-037,No diabetes,60,120,180,1785,0,0,0,2,1713,1636,0,1636,0.0,34,43,0,OK
2133-037,No diabetes,120,120,180,1785,0,0,0,2,1689,1603,0,1603,0.0,46,40,0,OK
2133-039,T2D,30,120,180,2013,0,0,0,27,1340,1197,22,1175,0.018379281537176273,82,61,0,OK
2133-039,T2D,60,120,180,2013,0,0,0,27,1230,1106,24,1082,0.0216998191681736,70,54,0,OK
2133-039,T2D,120,120,180,2013,0,0,0,27,1054,952,22,930,0.023109243697478993,56,46,0,OK
2133-040,No diabetes,30,120,180,1792,0,0,0,5,1646,1594,0,1594,0.0,27,25,0,OK
2133-040,No diabetes,60,120,180,1792,0,0,0,5,1617,1567,0,1567,0.0,26,24,0,OK
2133-040,No diabetes,120,120,180,1792,0,0,0,5,1559,1510,0,1510,0.0,26,23,0,OK
2133-041,No diabetes,30,120,180,1858,0,0,0,5,1717,1696,25,1671,0.01474056603773585,9,12,0,OK
2133-041,No diabetes,60,120,180,1858,0,0,0,5,1687,1667,25,1642,0.014997000599880024,8,12,0,OK
2133-041,No diabetes,120,120,180,1858,0,0,0,5,1627,1607,25,1582,0.015556938394523958,8,12,0,OK
