section,entity,metric,value
diabetes_type,No diabetes,rows,59639.0
diabetes_type,No diabetes,future_positive,795.0
diabetes_type,No diabetes,pre_event_positive,639.0
diabetes_type,No diabetes,pre_event_positive_rate,0.010714465366622511
diabetes_type,Prediabetes,rows,21928.0
diabetes_type,Prediabetes,future_positive,736.0
diabetes_type,Prediabetes,pre_event_positive,542.0
diabetes_type,Prediabetes,pre_event_positive_rate,0.02471725647573878
diabetes_type,T2D,rows,7762.0
diabetes_type,T2D,future_positive,802.0
diabetes_type,T2D,pre_event_positive,481.0
diabetes_type,T2D,pre_event_positive_rate,0.06196856480288585
t2d_participant,2133-018,pre_event_positive,243.0
t2d_participant,2133-018,unique_events,12.0
t2d_participant,2133-004,pre_event_positive,118.0
t2d_participant,2133-004,unique_events,5.0
t2d_participant,1636-69-001,pre_event_positive,97.0
t2d_participant,1636-69-001,unique_events,5.0
t2d_participant,2133-039,pre_event_positive,23.0
t2d_participant,2133-039,unique_events,2.0
t2d_participant,1636-69-091,pre_event_positive,0.0
t2d_participant,1636-69-091,unique_events,0.0
event,1636-69-001-0-1,pre_event_prediction_rows,24.0
event,1636-69-001-2-0,pre_event_prediction_rows,24.0
event,1636-69-001-1-0,pre_event_prediction_rows,24.0
event,1636-69-028-5-2,pre_event_prediction_rows,24.0
event,1636-69-035-9-0,pre_event_prediction_rows,24.0
event,1636-69-026-0-0,pre_event_prediction_rows,24.0
event,1636-69-028-5-1,pre_event_prediction_rows,24.0
event,1636-69-035-1-0,pre_event_prediction_rows,24.0
event,1636-69-032-0-0,pre_event_prediction_rows,24.0
event,2133-011-6-0,pre_event_prediction_rows,24.0
event,2133-004-0-4,pre_event_prediction_rows,24.0
event,1636-70-1010-5-0,pre_event_prediction_rows,24.0
event,2133-001-4-0,pre_event_prediction_rows,24.0
event,1636-70-1005-5-0,pre_event_prediction_rows,24.0
event,1636-69-090-4-0,pre_event_prediction_rows,24.0
event,1636-69-090-1-0,pre_event_prediction_rows,24.0
event,1636-69-069-2-0,pre_event_prediction_rows,24.0
event,1636-69-064-0-2,pre_event_prediction_rows,24.0
event,1636-69-053-1-0,pre_event_prediction_rows,24.0
event,2133-021-0-1,pre_event_prediction_rows,24.0
event,2133-021-1-0,pre_event_prediction_rows,24.0
event,2133-021-1-1,pre_event_prediction_rows,24.0
event,2133-021-1-2,pre_event_prediction_rows,24.0
event,2133-021-1-4,pre_event_prediction_rows,24.0
event,2133-021-1-5,pre_event_prediction_rows,24.0
event,2133-035-5-0,pre_event_prediction_rows,24.0
event,2133-021-0-0,pre_event_prediction_rows,24.0
event,2133-018-0-7,pre_event_prediction_rows,24.0
event,2133-020-2-0,pre_event_prediction_rows,24.0
event,2133-017-0-0,pre_event_prediction_rows,24.0
event,2133-004-0-3,pre_event_prediction_rows,24.0
event,2133-004-0-1,pre_event_prediction_rows,24.0
event,2133-003-0-0,pre_event_prediction_rows,24.0
event,2133-022-1-0,pre_event_prediction_rows,24.0
event,2133-041-3-1,pre_event_prediction_rows,24.0
event,2133-018-0-2,pre_event_prediction_rows,24.0
event,2133-018-0-3,pre_event_prediction_rows,24.0
event,2133-020-1-0,pre_event_prediction_rows,24.0
event,2133-019-4-0,pre_event_prediction_rows,24.0
event,2133-018-0-5,pre_event_prediction_rows,24.0
event,2133-018-0-10,pre_event_prediction_rows,24.0
event,1636-69-060-0-1,pre_event_prediction_rows,23.0
event,1636-69-090-7-0,pre_event_prediction_rows,23.0
event,1636-69-028-5-0,pre_event_prediction_rows,23.0
event,1636-69-026-2-0,pre_event_prediction_rows,23.0
event,2133-022-2-1,pre_event_prediction_rows,23.0
event,2133-021-1-6,pre_event_prediction_rows,23.0
event,2133-018-0-8,pre_event_prediction_rows,23.0
event,1636-70-1008-0-0,pre_event_prediction_rows,23.0
event,2133-004-0-2,pre_event_prediction_rows,23.0
event,2133-004-0-0,pre_event_prediction_rows,23.0
event,1636-69-107-0-0,pre_event_prediction_rows,23.0
event,2133-018-0-1,pre_event_prediction_rows,22.0
event,2133-018-0-0,pre_event_prediction_rows,22.0
event,1636-70-1005-4-0,pre_event_prediction_rows,22.0
event,2133-018-0-4,pre_event_prediction_rows,22.0
event,1636-69-035-1-1,pre_event_prediction_rows,22.0
event,1636-69-001-0-0,pre_event_prediction_rows,22.0
event,1636-69-035-14-0,pre_event_prediction_rows,22.0
event,2133-018-0-6,pre_event_prediction_rows,22.0
event,1636-69-069-1-0,pre_event_prediction_rows,21.0
event,2133-015-2-1,pre_event_prediction_rows,21.0
event,1636-69-060-0-0,pre_event_prediction_rows,20.0
event,1636-69-064-0-0,pre_event_prediction_rows,20.0
event,2133-036-20-0,pre_event_prediction_rows,20.0
event,1636-69-028-5-4,pre_event_prediction_rows,18.0
event,2133-039-6-0,pre_event_prediction_rows,17.0
event,2133-036-20-1,pre_event_prediction_rows,15.0
event,1636-69-064-0-1,pre_event_prediction_rows,14.0
event,1636-69-028-5-3,pre_event_prediction_rows,13.0
event,2133-021-1-3,pre_event_prediction_rows,10.0
event,1636-70-1008-0-1,pre_event_prediction_rows,9.0
event,2133-013-12-0,pre_event_prediction_rows,7.0
event,1636-69-028-5-6,pre_event_prediction_rows,7.0
event,2133-018-0-11,pre_event_prediction_rows,6.0
event,2133-018-0-9,pre_event_prediction_rows,6.0
event,2133-039-4-0,pre_event_prediction_rows,6.0
event,2133-009-0-0,pre_event_prediction_rows,5.0
event,1636-69-028-5-5,pre_event_prediction_rows,5.0
event,2133-007-5-0,pre_event_prediction_rows,4.0
event,1636-69-001-0-2,pre_event_prediction_rows,3.0
event,2133-015-1-0,pre_event_prediction_rows,1.0
event,2133-003-1-0,pre_event_prediction_rows,1.0
