person_id,diabetes_type,segment_id,event_id,start_time,end_time,duration_minutes,peak_time,peak_glucose_mg_dl,time_to_peak_minutes,observations_above_threshold,event_type
1636-69-001,T2D,0,1636-69-001-0-0,2014-02-04 08:12:00,2014-02-04 08:27:00,15.0,2014-02-04 08:17:00,194.0,5.0,4,multi_observation
1636-69-001,T2D,0,1636-69-001-0-1,2014-02-04 18:07:00,2014-02-04 19:22:00,75.0,2014-02-04 18:42:00,225.0,35.0,16,multi_observation
1636-69-001,T2D,0,1636-69-001-0-2,2014-02-05 09:11:00,2014-02-05 09:46:00,35.0,2014-02-05 09:26:00,196.0,15.0,8,multi_observation
1636-69-001,T2D,1,1636-69-001-1-0,2015-03-29 14:53:00,2015-03-29 16:18:00,85.0,2015-03-29 15:38:00,250.0,45.0,18,multi_observation
1636-69-001,T2D,2,1636-69-001-2-0,2015-03-30 11:38:00,2015-03-30 11:38:00,0.0,2015-03-30 11:38:00,181.0,0.0,1,single_observation
1636-69-026,Prediabetes,0,1636-69-026-0-0,2015-11-24 15:07:00,2015-11-24 15:17:00,10.0,2015-11-24 15:17:00,182.0,10.0,3,multi_observation
1636-69-026,Prediabetes,2,1636-69-026-2-0,2015-11-28 13:42:00,2015-11-28 13:47:00,5.0,2015-11-28 13:42:00,182.0,0.0,2,multi_observation
1636-69-028,No diabetes,5,1636-69-028-5-0,2015-06-16 04:28:00,2015-06-16 05:03:00,35.0,2015-06-16 04:48:00,200.0,20.0,7,multi_observation
1636-69-028,No diabetes,5,1636-69-028-5-1,2015-06-16 07:23:00,2015-06-16 07:23:00,0.0,2015-06-16 07:23:00,187.0,0.0,1,single_observation
1636-69-028,No diabetes,5,1636-69-028-5-2,2015-06-16 09:48:00,2015-06-16 10:13:00,25.0,2015-06-16 09:58:00,209.0,10.0,6,multi_observation
1636-69-028,No diabetes,5,1636-69-028-5-3,2015-06-16 11:23:00,2015-06-16 11:58:00,35.0,2015-06-16 11:33:00,196.0,10.0,7,multi_observation
1636-69-028,No diabetes,5,1636-69-028-5-4,2015-06-16 13:33:00,2015-06-16 13:33:00,0.0,2015-06-16 13:33:00,181.0,0.0,1,single_observation
1636-69-028,No diabetes,5,1636-69-028-5-5,2015-06-16 14:03:00,2015-06-16 14:03:00,0.0,2015-06-16 14:03:00,181.0,0.0,1,single_observation
1636-69-028,No diabetes,5,1636-69-028-5-6,2015-06-16 14:43:00,2015-06-16 15:03:00,20.0,2015-06-16 14:53:00,216.0,10.0,5,multi_observation
1636-69-032,Prediabetes,0,1636-69-032-0-0,2016-01-13 19:18:00,2016-01-13 19:28:00,10.0,2016-01-13 19:23:00,191.0,5.0,3,multi_observation
1636-69-035,No diabetes,1,1636-69-035-1-0,2016-01-27 14:02:00,2016-01-27 15:42:00,100.0,2016-01-27 14:52:00,234.0,50.0,21,multi_observation
1636-69-035,No diabetes,1,1636-69-035-1-1,2016-01-27 22:22:00,2016-01-27 23:27:00,65.0,2016-01-27 22:57:00,189.0,35.0,14,multi_observation
1636-69-035,No diabetes,9,1636-69-035-9-0,2016-01-30 23:42:00,2016-01-30 23:52:00,10.0,2016-01-30 23:47:00,182.0,5.0,3,multi_observation
1636-69-035,No diabetes,14,1636-69-035-14-0,2016-02-03 10:11:00,2016-02-03 10:31:00,20.0,2016-02-03 10:21:00,194.0,10.0,5,multi_observation
1636-69-053,No diabetes,1,1636-69-053-1-0,2015-05-08 15:24:00,2015-05-08 15:29:00,5.0,2015-05-08 15:29:00,183.0,5.0,2,multi_observation
1636-69-060,No diabetes,0,1636-69-060-0-0,2015-11-17 23:15:00,2015-11-17 23:30:00,15.0,2015-11-17 23:20:00,191.0,5.0,4,multi_observation
1636-69-060,No diabetes,0,1636-69-060-0-1,2015-11-18 05:20:00,2015-11-18 05:20:00,0.0,2015-11-18 05:20:00,181.0,0.0,1,single_observation
1636-69-064,No diabetes,0,1636-69-064-0-0,2015-03-27 23:24:00,2015-03-27 23:54:00,30.0,2015-03-27 23:39:00,197.0,15.0,7,multi_observation
1636-69-064,No diabetes,0,1636-69-064-0-1,2015-03-28 01:09:00,2015-03-28 01:44:00,35.0,2015-03-28 01:29:00,218.0,20.0,8,multi_observation
1636-69-064,No diabetes,0,1636-69-064-0-2,2015-03-28 06:09:00,2015-03-28 06:24:00,15.0,2015-03-28 06:14:00,191.0,5.0,4,multi_observation
1636-69-069,No diabetes,1,1636-69-069-1-0,2015-07-22 14:28:00,2015-07-22 14:43:00,15.0,2015-07-22 14:33:00,187.0,5.0,4,multi_observation
1636-69-069,No diabetes,2,1636-69-069-2-0,2015-07-23 14:27:00,2015-07-23 14:37:00,10.0,2015-07-23 14:32:00,186.0,5.0,3,multi_observation
1636-69-090,Prediabetes,1,1636-69-090-1-0,2016-02-10 15:07:00,2016-02-10 15:37:00,30.0,2016-02-10 15:12:00,183.0,5.0,7,multi_observation
1636-69-090,Prediabetes,4,1636-69-090-4-0,2016-02-13 10:02:00,2016-02-13 10:02:00,0.0,2016-02-13 10:02:00,183.0,0.0,1,single_observation
1636-69-090,Prediabetes,5,1636-69-090-5-0,2016-02-13 22:57:00,2016-02-13 22:57:00,0.0,2016-02-13 22:57:00,188.0,0.0,1,single_observation
1636-69-090,Prediabetes,6,1636-69-090-6-0,2016-02-13 23:17:00,2016-02-13 23:52:00,35.0,2016-02-13 23:32:00,195.0,15.0,5,multi_observation
1636-69-090,Prediabetes,7,1636-69-090-7-0,2016-02-15 20:17:00,2016-02-15 20:47:00,30.0,2016-02-15 20:22:00,183.0,5.0,5,multi_observation
1636-69-107,No diabetes,0,1636-69-107-0-0,2015-09-24 20:38:00,2015-09-24 21:18:00,40.0,2015-09-24 21:03:00,195.0,25.0,9,multi_observation
1636-70-1005,Prediabetes,0,1636-70-1005-0-0,2016-04-06 14:18:00,2016-04-06 14:23:00,5.0,2016-04-06 14:18:00,184.0,0.0,2,multi_observation
1636-70-1005,Prediabetes,1,1636-70-1005-1-0,2016-04-08 08:08:00,2016-04-08 08:33:00,25.0,2016-04-08 08:18:00,194.0,10.0,6,multi_observation
1636-70-1005,Prediabetes,4,1636-70-1005-4-0,2016-04-12 07:43:00,2016-04-12 08:38:00,55.0,2016-04-12 08:03:00,225.0,20.0,12,multi_observation
1636-70-1005,Prediabetes,5,1636-70-1005-5-0,2016-04-13 08:48:00,2016-04-13 09:13:00,25.0,2016-04-13 09:03:00,216.0,15.0,6,multi_observation
1636-70-1008,No diabetes,0,1636-70-1008-0-0,2015-12-09 19:04:00,2015-12-09 19:59:00,55.0,2015-12-09 19:29:00,223.0,25.0,12,multi_observation
1636-70-1008,No diabetes,0,1636-70-1008-0-1,2015-12-13 17:28:00,2015-12-13 17:58:00,30.0,2015-12-13 17:38:00,200.0,10.0,7,multi_observation
1636-70-1010,Prediabetes,5,1636-70-1010-5-0,2016-05-29 23:13:00,2016-05-29 23:33:00,20.0,2016-05-29 23:23:00,186.0,10.0,5,multi_observation
2133-001,No diabetes,4,2133-001-4-0,2016-08-09 21:39:00,2016-08-09 21:44:00,5.0,2016-08-09 21:44:00,186.0,5.0,2,multi_observation
2133-003,No diabetes,0,2133-003-0-0,2016-09-05 12:46:00,2016-09-05 13:01:00,15.0,2016-09-05 13:01:00,190.0,15.0,4,multi_observation
2133-003,No diabetes,1,2133-003-1-0,2016-09-05 20:21:00,2016-09-05 20:36:00,15.0,2016-09-05 20:36:00,182.0,15.0,4,multi_observation
2133-004,T2D,0,2133-004-0-0,2016-09-23 11:08:00,2016-09-23 12:38:00,90.0,2016-09-23 11:28:00,224.0,20.0,19,multi_observation
2133-004,T2D,0,2133-004-0-1,2016-09-24 00:13:00,2016-09-24 02:23:00,130.0,2016-09-24 01:38:00,203.0,85.0,27,multi_observation
2133-004,T2D,0,2133-004-0-2,2016-09-24 09:53:00,2016-09-24 11:08:00,75.0,2016-09-24 10:18:00,246.0,25.0,16,multi_observation
2133-004,T2D,0,2133-004-0-3,2016-09-24 16:53:00,2016-09-24 18:08:00,75.0,2016-09-24 17:38:00,213.0,45.0,16,multi_observation
2133-004,T2D,0,2133-004-0-4,2016-09-25 22:58:00,2016-09-25 23:53:00,55.0,2016-09-25 23:13:00,190.0,15.0,11,multi_observation
2133-007,No diabetes,5,2133-007-5-0,2016-11-04 10:00:00,2016-11-04 10:25:00,25.0,2016-11-04 10:00:00,207.0,0.0,4,multi_observation
2133-009,No diabetes,0,2133-009-0-0,2016-11-21 14:58:00,2016-11-21 15:18:00,20.0,2016-11-21 14:58:00,183.0,0.0,4,multi_observation
2133-011,No diabetes,6,2133-011-6-0,2017-01-17 19:58:00,2017-01-17 20:28:00,30.0,2017-01-17 20:08:00,204.0,10.0,7,multi_observation
2133-013,No diabetes,12,2133-013-12-0,2017-01-18 08:24:00,2017-01-18 08:59:00,35.0,2017-01-18 08:44:00,206.0,20.0,8,multi_observation
2133-015,Prediabetes,1,2133-015-1-0,2017-01-30 20:23:00,2017-01-30 21:03:00,40.0,2017-01-30 20:53:00,206.0,30.0,8,multi_observation
2133-015,Prediabetes,2,2133-015-2-0,2017-01-30 22:13:00,2017-01-30 22:33:00,20.0,2017-01-30 22:28:00,213.0,15.0,4,multi_observation
2133-015,Prediabetes,2,2133-015-2-1,2017-01-31 16:48:00,2017-01-31 17:13:00,25.0,2017-01-31 17:03:00,190.0,15.0,6,multi_observation
2133-017,Prediabetes,0,2133-017-0-0,2017-03-13 20:22:00,2017-03-13 20:32:00,10.0,2017-03-13 20:32:00,182.0,10.0,2,multi_observation
2133-018,T2D,0,2133-018-0-0,2017-03-15 10:35:00,2017-03-15 11:30:00,55.0,2017-03-15 11:00:00,201.0,25.0,12,multi_observation
2133-018,T2D,0,2133-018-0-1,2017-03-15 19:24:00,2017-03-15 20:59:00,95.0,2017-03-15 20:04:00,227.0,40.0,20,multi_observation
2133-018,T2D,0,2133-018-0-2,2017-03-16 07:44:00,2017-03-16 09:39:00,115.0,2017-03-16 08:29:00,270.0,45.0,24,multi_observation
2133-018,T2D,0,2133-018-0-3,2017-03-16 19:24:00,2017-03-16 21:14:00,110.0,2017-03-16 20:24:00,236.0,60.0,23,multi_observation
2133-018,T2D,0,2133-018-0-4,2017-03-17 09:59:00,2017-03-17 10:44:00,45.0,2017-03-17 10:19:00,198.0,20.0,10,multi_observation
2133-018,T2D,0,2133-018-0-5,2017-03-17 20:19:00,2017-03-17 22:04:00,105.0,2017-03-17 21:09:00,210.0,50.0,22,multi_observation
2133-018,T2D,0,2133-018-0-6,2017-03-18 19:49:00,2017-03-18 20:39:00,50.0,2017-03-18 20:09:00,206.0,20.0,11,multi_observation
2133-018,T2D,0,2133-018-0-7,2017-03-19 08:24:00,2017-03-19 09:49:00,85.0,2017-03-19 08:54:00,248.0,30.0,18,multi_observation
2133-018,T2D,0,2133-018-0-8,2017-03-19 14:14:00,2017-03-19 15:54:00,100.0,2017-03-19 15:04:00,243.0,50.0,21,multi_observation
2133-018,T2D,0,2133-018-0-9,2017-03-19 16:29:00,2017-03-19 17:04:00,35.0,2017-03-19 16:54:00,194.0,25.0,8,multi_observation
2133-018,T2D,0,2133-018-0-10,2017-03-20 09:49:00,2017-03-20 12:34:00,165.0,2017-03-20 11:09:00,303.0,80.0,34,multi_observation
2133-018,T2D,0,2133-018-0-11,2017-03-20 13:09:00,2017-03-20 13:24:00,15.0,2017-03-20 13:19:00,192.0,10.0,4,multi_observation
2133-019,Prediabetes,4,2133-019-4-0,2017-03-21 13:57:00,2017-03-21 14:02:00,5.0,2017-03-21 13:57:00,192.0,0.0,2,multi_observation
2133-020,No diabetes,1,2133-020-1-0,2017-03-20 13:31:00,2017-03-20 14:31:00,60.0,2017-03-20 14:11:00,195.0,40.0,13,multi_observation
2133-020,No diabetes,2,2133-020-2-0,2017-03-23 14:21:00,2017-03-23 15:06:00,45.0,2017-03-23 14:41:00,201.0,20.0,10,multi_observation
2133-021,Prediabetes,0,2133-021-0-0,2017-03-17 19:44:00,2017-03-17 23:39:00,235.0,2017-03-17 20:54:00,235.0,70.0,48,multi_observation
2133-021,Prediabetes,0,2133-021-0-1,2017-03-18 14:44:00,2017-03-18 15:49:00,65.0,2017-03-18 15:29:00,231.0,45.0,14,multi_observation
2133-021,Prediabetes,1,2133-021-1-0,2017-03-19 20:04:00,2017-03-19 20:24:00,20.0,2017-03-19 20:09:00,193.0,5.0,5,multi_observation
2133-021,Prediabetes,1,2133-021-1-1,2017-03-22 07:54:00,2017-03-22 08:54:00,60.0,2017-03-22 08:29:00,219.0,35.0,13,multi_observation
2133-021,Prediabetes,1,2133-021-1-2,2017-03-22 20:14:00,2017-03-22 21:54:00,100.0,2017-03-22 20:39:00,204.0,25.0,20,multi_observation
2133-021,Prediabetes,1,2133-021-1-3,2017-03-22 22:49:00,2017-03-22 23:04:00,15.0,2017-03-22 22:54:00,184.0,5.0,4,multi_observation
2133-021,Prediabetes,1,2133-021-1-4,2017-03-23 08:04:00,2017-03-23 09:04:00,60.0,2017-03-23 08:24:00,224.0,20.0,13,multi_observation
2133-021,Prediabetes,1,2133-021-1-5,2017-03-23 13:54:00,2017-03-23 15:39:00,105.0,2017-03-23 14:29:00,236.0,35.0,22,multi_observation
2133-021,Prediabetes,1,2133-021-1-6,2017-03-23 19:24:00,2017-03-23 19:49:00,25.0,2017-03-23 19:34:00,192.0,10.0,6,multi_observation
2133-022,No diabetes,1,2133-022-1-0,2017-03-25 13:34:00,2017-03-25 14:14:00,40.0,2017-03-25 13:54:00,204.0,20.0,9,multi_observation
2133-022,No diabetes,2,2133-022-2-0,2017-03-26 18:54:00,2017-03-26 19:04:00,10.0,2017-03-26 18:59:00,183.0,5.0,3,multi_observation
2133-022,No diabetes,2,2133-022-2-1,2017-03-27 20:19:00,2017-03-27 20:49:00,30.0,2017-03-27 20:29:00,195.0,10.0,7,multi_observation
2133-035,Prediabetes,5,2133-035-5-0,2017-06-06 19:46:00,2017-06-06 20:06:00,20.0,2017-06-06 19:56:00,190.0,10.0,5,multi_observation
2133-036,Prediabetes,20,2133-036-20-0,2017-06-09 16:46:00,2017-06-09 18:11:00,85.0,2017-06-09 17:46:00,214.0,60.0,18,multi_observation
2133-036,Prediabetes,20,2133-036-20-1,2017-06-09 20:41:00,2017-06-09 21:31:00,50.0,2017-06-09 21:01:00,190.0,20.0,10,multi_observation
2133-039,T2D,4,2133-039-4-0,2017-06-07 10:28:00,2017-06-07 11:28:00,60.0,2017-06-07 10:43:00,204.0,15.0,10,multi_observation
2133-039,T2D,6,2133-039-6-0,2017-06-08 20:18:00,2017-06-08 20:33:00,15.0,2017-06-08 20:28:00,189.0,10.0,4,multi_observation
2133-041,No diabetes,3,2133-041-3-0,2017-07-08 15:21:00,2017-07-08 15:26:00,5.0,2017-07-08 15:21:00,204.0,0.0,2,multi_observation
2133-041,No diabetes,3,2133-041-3-1,2017-07-09 07:16:00,2017-07-09 07:21:00,5.0,2017-07-09 07:21:00,186.0,5.0,2,multi_observation
