person_id,target_event_id,event_start,event_end,event_prediction_rows,earliest_prediction_timestamp,latest_prediction_timestamp,maximum_probability,mean_probability,earliest_lead_time_minutes,latest_lead_time_minutes,threshold_0.10_detected,threshold_0.10_earliest_lead_minutes,threshold_0.10_first_alert_timestamp,threshold_0.10_alert_count,threshold_0.20_detected,threshold_0.20_earliest_lead_minutes,threshold_0.20_first_alert_timestamp,threshold_0.20_alert_count,threshold_0.30_detected,threshold_0.30_earliest_lead_minutes,threshold_0.30_first_alert_timestamp,threshold_0.30_alert_count,threshold_0.40_detected,threshold_0.40_earliest_lead_minutes,threshold_0.40_first_alert_timestamp,threshold_0.40_alert_count,threshold_0.50_detected,threshold_0.50_earliest_lead_minutes,threshold_0.50_first_alert_timestamp,threshold_0.50_alert_count,detected_at_least_15m,best_lead_at_least_15m,detected_at_least_30m,best_lead_at_least_30m,detected_at_least_60m,best_lead_at_least_60m,detected_at_least_120m,best_lead_at_least_120m
1636-69-001,1636-69-001-0-0,2014-02-04 08:12:00,2014-02-04 08:27:00,22,2014-02-04 06:12:00,2014-02-04 08:07:00,0.97070109082827,0.5566734383554549,120.0,5.0,True,120.0,2014-02-04 06:12:00,22,True,120.0,2014-02-04 06:12:00,22,True,115.0,2014-02-04 06:17:00,21,True,115.0,2014-02-04 06:17:00,15,True,115.0,2014-02-04 06:17:00,11,True,120.0,True,120.0,True,120.0,True,120.0
1636-69-001,1636-69-001-0-1,2014-02-04 18:07:00,2014-02-04 19:22:00,24,2014-02-04 16:07:00,2014-02-04 18:02:00,0.9474983074671164,0.4438364706036734,120.0,5.0,True,115.0,2014-02-04 16:12:00,23,True,90.0,2014-02-04 16:37:00,18,True,80.0,2014-02-04 16:47:00,16,True,70.0,2014-02-04 16:57:00,11,True,45.0,2014-02-04 17:22:00,9,True,120.0,True,120.0,True,120.0,True,120.0
1636-69-001,1636-69-001-0-2,2014-02-05 09:11:00,2014-02-05 09:46:00,3,2014-02-05 08:51:00,2014-02-05 09:06:00,0.9612174486922545,0.9260404376117354,20.0,5.0,True,20.0,2014-02-05 08:51:00,3,True,20.0,2014-02-05 08:51:00,3,True,20.0,2014-02-05 08:51:00,3,True,20.0,2014-02-05 08:51:00,3,True,20.0,2014-02-05 08:51:00,3,True,20.0,False,,False,,False,
1636-69-001,1636-69-001-1-0,2015-03-29 14:53:00,2015-03-29 16:18:00,24,2015-03-29 12:53:00,2015-03-29 14:48:00,0.9715798739467614,0.620058373262807,120.0,5.0,True,120.0,2015-03-29 12:53:00,24,True,120.0,2015-03-29 12:53:00,24,True,120.0,2015-03-29 12:53:00,24,True,115.0,2015-03-29 12:58:00,23,True,115.0,2015-03-29 12:58:00,18,True,120.0,True,120.0,True,120.0,True,120.0
1636-69-001,1636-69-001-2-0,2015-03-30 11:38:00,2015-03-30 11:38:00,24,2015-03-30 09:38:00,2015-03-30 11:33:00,0.9733219543392992,0.6665378310086975,120.0,5.0,True,120.0,2015-03-30 09:38:00,24,True,120.0,2015-03-30 09:38:00,24,True,120.0,2015-03-30 09:38:00,24,True,120.0,2015-03-30 09:38:00,24,True,105.0,2015-03-30 09:53:00,19,True,120.0,True,120.0,True,120.0,True,120.0
1636-69-026,1636-69-026-0-0,2015-11-24 15:07:00,2015-11-24 15:17:00,24,2015-11-24 13:07:00,2015-11-24 15:02:00,0.967145027690534,0.6359107590610473,120.0,5.0,True,120.0,2015-11-24 13:07:00,24,True,120.0,2015-11-24 13:07:00,24,True,120.0,2015-11-24 13:07:00,24,True,120.0,2015-11-24 13:07:00,24,True,90.0,2015-11-24 13:37:00,15,True,120.0,True,120.0,True,120.0,True,120.0
1636-69-026,1636-69-026-2-0,2015-11-28 13:42:00,2015-11-28 13:47:00,23,2015-11-28 11:42:00,2015-11-28 13:37:00,0.9709932292588832,0.6917905762718367,120.0,5.0,True,120.0,2015-11-28 11:42:00,23,True,120.0,2015-11-28 11:42:00,23,True,120.0,2015-11-28 11:42:00,23,True,120.0,2015-11-28 11:42:00,23,True,120.0,2015-11-28 11:42:00,20,True,120.0,True,120.0,True,120.0,True,120.0
1636-69-028,1636-69-028-5-0,2015-06-16 04:28:00,2015-06-16 05:03:00,23,2015-06-16 02:28:00,2015-06-16 04:23:00,0.9644643296910564,0.8613423423946738,120.0,5.0,True,120.0,2015-06-16 02:28:00,23,True,120.0,2015-06-16 02:28:00,23,True,120.0,2015-06-16 02:28:00,23,True,120.0,2015-06-16 02:28:00,23,True,120.0,2015-06-16 02:28:00,23,True,120.0,True,120.0,True,120.0,True,120.0
1636-69-028,1636-69-028-5-1,2015-06-16 07:23:00,2015-06-16 07:23:00,24,2015-06-16 05:23:00,2015-06-16 07:18:00,0.9675686128859806,0.8727354928331015,120.0,5.0,True,120.0,2015-06-16 05:23:00,24,True,120.0,2015-06-16 05:23:00,24,True,120.0,2015-06-16 05:23:00,24,True,120.0,2015-06-16 05:23:00,24,True,120.0,2015-06-16 05:23:00,24,True,120.0,True,120.0,True,120.0,True,120.0
1636-69-028,1636-69-028-5-2,2015-06-16 09:48:00,2015-06-16 10:13:00,24,2015-06-16 07:48:00,2015-06-16 09:43:00,0.9705218496311768,0.822231439273493,120.0,5.0,True,120.0,2015-06-16 07:48:00,24,True,120.0,2015-06-16 07:48:00,24,True,120.0,2015-06-16 07:48:00,24,True,120.0,2015-06-16 07:48:00,24,True,120.0,2015-06-16 07:48:00,24,True,120.0,True,120.0,True,120.0,True,120.0
1636-69-028,1636-69-028-5-3,2015-06-16 11:23:00,2015-06-16 11:58:00,13,2015-06-16 10:18:00,2015-06-16 11:18:00,0.9667330746510272,0.7761703190990085,65.0,5.0,True,60.0,2015-06-16 10:23:00,12,True,60.0,2015-06-16 10:23:00,12,True,60.0,2015-06-16 10:23:00,12,True,55.0,2015-06-16 10:28:00,11,True,55.0,2015-06-16 10:28:00,11,True,65.0,True,65.0,True,65.0,False,
1636-69-028,1636-69-028-5-4,2015-06-16 13:33:00,2015-06-16 13:33:00,18,2015-06-16 12:03:00,2015-06-16 13:28:00,0.9485932393101362,0.9138829091258361,90.0,5.0,True,90.0,2015-06-16 12:03:00,18,True,90.0,2015-06-16 12:03:00,18,True,90.0,2015-06-16 12:03:00,18,True,90.0,2015-06-16 12:03:00,18,True,90.0,2015-06-16 12:03:00,18,True,90.0,True,90.0,True,90.0,False,
1636-69-028,1636-69-028-5-5,2015-06-16 14:03:00,2015-06-16 14:03:00,5,2015-06-16 13:38:00,2015-06-16 13:58:00,0.9377242954759456,0.9005789737489736,25.0,5.0,True,25.0,2015-06-16 13:38:00,5,True,25.0,2015-06-16 13:38:00,5,True,25.0,2015-06-16 13:38:00,5,True,25.0,2015-06-16 13:38:00,5,True,25.0,2015-06-16 13:38:00,5,True,25.0,False,,False,,False,
1636-69-028,1636-69-028-5-6,2015-06-16 14:43:00,2015-06-16 15:03:00,7,2015-06-16 14:08:00,2015-06-16 14:38:00,0.9650482499458288,0.8541209973159827,35.0,5.0,True,35.0,2015-06-16 14:08:00,7,True,35.0,2015-06-16 14:08:00,7,True,35.0,2015-06-16 14:08:00,7,True,35.0,2015-06-16 14:08:00,7,True,35.0,2015-06-16 14:08:00,7,True,35.0,True,35.0,False,,False,
1636-69-032,1636-69-032-0-0,2016-01-13 19:18:00,2016-01-13 19:28:00,24,2016-01-13 17:18:00,2016-01-13 19:13:00,0.9689448210184952,0.6299474883979718,120.0,5.0,True,120.0,2016-01-13 17:18:00,24,True,120.0,2016-01-13 17:18:00,24,True,120.0,2016-01-13 17:18:00,24,True,120.0,2016-01-13 17:18:00,24,True,120.0,2016-01-13 17:18:00,16,True,120.0,True,120.0,True,120.0,True,120.0
1636-69-035,1636-69-035-1-0,2016-01-27 14:02:00,2016-01-27 15:42:00,24,2016-01-27 12:02:00,2016-01-27 13:57:00,0.991699871443216,0.5272171389753412,120.0,5.0,True,120.0,2016-01-27 12:02:00,24,True,120.0,2016-01-27 12:02:00,24,True,120.0,2016-01-27 12:02:00,24,True,120.0,2016-01-27 12:02:00,22,True,70.0,2016-01-27 12:52:00,5,True,120.0,True,120.0,True,120.0,True,120.0
1636-69-035,1636-69-035-1-1,2016-01-27 22:22:00,2016-01-27 23:27:00,22,2016-01-27 20:22:00,2016-01-27 22:17:00,0.954469474908307,0.8009672530453614,120.0,5.0,True,120.0,2016-01-27 20:22:00,22,True,120.0,2016-01-27 20:22:00,22,True,120.0,2016-01-27 20:22:00,22,True,120.0,2016-01-27 20:22:00,22,True,120.0,2016-01-27 20:22:00,22,True,120.0,True,120.0,True,120.0,True,120.0
1636-69-035,1636-69-035-9-0,2016-01-30 23:42:00,2016-01-30 23:52:00,24,2016-01-30 21:42:00,2016-01-30 23:37:00,0.9409234322714382,0.8520582749950867,120.0,5.0,True,120.0,2016-01-30 21:42:00,24,True,120.0,2016-01-30 21:42:00,24,True,120.0,2016-01-30 21:42:00,24,True,120.0,2016-01-30 21:42:00,24,True,120.0,2016-01-30 21:42:00,24,True,120.0,True,120.0,True,120.0,True,120.0
1636-69-035,1636-69-035-14-0,2016-02-03 10:11:00,2016-02-03 10:31:00,22,2016-02-03 08:11:00,2016-02-03 10:01:00,0.9831456371593712,0.4856565648580599,120.0,10.0,True,120.0,2016-02-03 08:11:00,22,True,120.0,2016-02-03 08:11:00,22,True,100.0,2016-02-03 08:31:00,18,True,90.0,2016-02-03 08:41:00,16,True,40.0,2016-02-03 09:31:00,7,True,120.0,True,120.0,True,120.0,True,120.0
1636-69-053,1636-69-053-1-0,2015-05-08 15:24:00,2015-05-08 15:29:00,24,2015-05-08 13:24:00,2015-05-08 15:19:00,0.931159338542234,0.4918137664430944,120.0,5.0,True,120.0,2015-05-08 13:24:00,24,True,120.0,2015-05-08 13:24:00,24,True,115.0,2015-05-08 13:29:00,20,True,105.0,2015-05-08 13:39:00,11,True,35.0,2015-05-08 14:49:00,7,True,120.0,True,120.0,True,120.0,True,120.0
1636-69-060,1636-69-060-0-0,2015-11-17 23:15:00,2015-11-17 23:30:00,20,2015-11-17 21:15:00,2015-11-17 23:10:00,0.968683066724874,0.6557997409882592,120.0,5.0,True,120.0,2015-11-17 21:15:00,20,True,120.0,2015-11-17 21:15:00,19,True,120.0,2015-11-17 21:15:00,17,True,120.0,2015-11-17 21:15:00,17,True,120.0,2015-11-17 21:15:00,14,True,120.0,True,120.0,True,120.0,True,120.0
1636-69-060,1636-69-060-0-1,2015-11-18 05:20:00,2015-11-18 05:20:00,23,2015-11-18 03:20:00,2015-11-18 05:15:00,0.9918969975741716,0.7598187263010826,120.0,5.0,True,120.0,2015-11-18 03:20:00,23,True,120.0,2015-11-18 03:20:00,23,True,120.0,2015-11-18 03:20:00,23,True,120.0,2015-11-18 03:20:00,23,True,120.0,2015-11-18 03:20:00,22,True,120.0,True,120.0,True,120.0,True,120.0
1636-69-064,1636-69-064-0-0,2015-03-27 23:24:00,2015-03-27 23:54:00,20,2015-03-27 21:24:00,2015-03-27 23:19:00,0.9445969334556285,0.5517967903209586,120.0,5.0,True,120.0,2015-03-27 21:24:00,20,True,120.0,2015-03-27 21:24:00,18,True,95.0,2015-03-27 21:49:00,17,True,95.0,2015-03-27 21:49:00,16,True,95.0,2015-03-27 21:49:00,14,True,120.0,True,120.0,True,120.0,True,120.0
1636-69-064,1636-69-064-0-1,2015-03-28 01:09:00,2015-03-28 01:44:00,14,2015-03-27 23:59:00,2015-03-28 01:04:00,0.958759746578533,0.6716150215721955,70.0,5.0,True,70.0,2015-03-27 23:59:00,14,True,70.0,2015-03-27 23:59:00,14,True,70.0,2015-03-27 23:59:00,14,True,70.0,2015-03-27 23:59:00,14,True,70.0,2015-03-27 23:59:00,13,True,70.0,True,70.0,True,70.0,False,
1636-69-064,1636-69-064-0-2,2015-03-28 06:09:00,2015-03-28 06:24:00,24,2015-03-28 04:09:00,2015-03-28 06:04:00,0.9664971628774466,0.6613679478776296,120.0,5.0,True,120.0,2015-03-28 04:09:00,24,True,120.0,2015-03-28 04:09:00,24,True,120.0,2015-03-28 04:09:00,24,True,120.0,2015-03-28 04:09:00,24,True,115.0,2015-03-28 04:14:00,21,True,120.0,True,120.0,True,120.0,True,120.0
1636-69-069,1636-69-069-1-0,2015-07-22 14:28:00,2015-07-22 14:43:00,21,2015-07-22 12:28:00,2015-07-22 14:23:00,0.9457003694997552,0.7783966796926356,120.0,5.0,True,120.0,2015-07-22 12:28:00,21,True,120.0,2015-07-22 12:28:00,21,True,120.0,2015-07-22 12:28:00,21,True,120.0,2015-07-22 12:28:00,21,True,120.0,2015-07-22 12:28:00,21,True,120.0,True,120.0,True,120.0,True,120.0
1636-69-069,1636-69-069-2-0,2015-07-23 14:27:00,2015-07-23 14:37:00,24,2015-07-23 12:27:00,2015-07-23 14:22:00,0.9109678068830848,0.571883883739241,120.0,5.0,True,120.0,2015-07-23 12:27:00,24,True,120.0,2015-07-23 12:27:00,24,True,120.0,2015-07-23 12:27:00,24,True,120.0,2015-07-23 12:27:00,16,True,50.0,2015-07-23 13:37:00,10,True,120.0,True,120.0,True,120.0,True,120.0
1636-69-090,1636-69-090-1-0,2016-02-10 15:07:00,2016-02-10 15:37:00,24,2016-02-10 13:07:00,2016-02-10 15:02:00,0.9732975028051968,0.6777905001594103,120.0,5.0,True,120.0,2016-02-10 13:07:00,24,True,120.0,2016-02-10 13:07:00,24,True,120.0,2016-02-10 13:07:00,24,True,120.0,2016-02-10 13:07:00,24,True,120.0,2016-02-10 13:07:00,23,True,120.0,True,120.0,True,120.0,True,120.0
1636-69-090,1636-69-090-4-0,2016-02-13 10:02:00,2016-02-13 10:02:00,24,2016-02-13 08:02:00,2016-02-13 09:57:00,0.9233169327618728,0.4999385700818945,120.0,5.0,True,120.0,2016-02-13 08:02:00,24,True,120.0,2016-02-13 08:02:00,24,True,120.0,2016-02-13 08:02:00,21,True,60.0,2016-02-13 09:02:00,12,True,40.0,2016-02-13 09:22:00,8,True,120.0,True,120.0,True,120.0,True,120.0
1636-69-090,1636-69-090-7-0,2016-02-15 20:17:00,2016-02-15 20:47:00,23,2016-02-15 18:17:00,2016-02-15 20:12:00,0.9113685996428356,0.6503147619823099,120.0,5.0,True,120.0,2016-02-15 18:17:00,23,True,120.0,2016-02-15 18:17:00,23,True,120.0,2016-02-15 18:17:00,23,True,80.0,2016-02-15 18:57:00,15,True,80.0,2016-02-15 18:57:00,15,True,120.0,True,120.0,True,120.0,True,120.0
1636-69-107,1636-69-107-0-0,2015-09-24 20:38:00,2015-09-24 21:18:00,23,2015-09-24 18:38:00,2015-09-24 20:33:00,0.9731408083294132,0.7152099286375904,120.0,5.0,True,120.0,2015-09-24 18:38:00,23,True,120.0,2015-09-24 18:38:00,23,True,120.0,2015-09-24 18:38:00,23,True,120.0,2015-09-24 18:38:00,22,True,120.0,2015-09-24 18:38:00,20,True,120.0,True,120.0,True,120.0,True,120.0
1636-70-1005,1636-70-1005-4-0,2016-04-12 07:43:00,2016-04-12 08:38:00,22,2016-04-12 05:43:00,2016-04-12 07:38:00,0.9891166379783964,0.5775258029325147,120.0,5.0,True,120.0,2016-04-12 05:43:00,22,True,120.0,2016-04-12 05:43:00,22,True,120.0,2016-04-12 05:43:00,19,True,120.0,2016-04-12 05:43:00,17,True,120.0,2016-04-12 05:43:00,16,True,120.0,True,120.0,True,120.0,True,120.0
1636-70-1005,1636-70-1005-5-0,2016-04-13 08:48:00,2016-04-13 09:13:00,24,2016-04-13 06:48:00,2016-04-13 08:43:00,0.9899219156981384,0.5226903859923854,120.0,5.0,True,120.0,2016-04-13 06:48:00,24,True,120.0,2016-04-13 06:48:00,23,True,120.0,2016-04-13 06:48:00,22,True,90.0,2016-04-13 07:18:00,17,True,75.0,2016-04-13 07:33:00,12,True,120.0,True,120.0,True,120.0,True,120.0
1636-70-1008,1636-70-1008-0-0,2015-12-09 19:04:00,2015-12-09 19:59:00,23,2015-12-09 17:04:00,2015-12-09 18:59:00,0.9635843066844296,0.5804281934968428,120.0,5.0,True,120.0,2015-12-09 17:04:00,23,True,120.0,2015-12-09 17:04:00,23,True,120.0,2015-12-09 17:04:00,23,True,120.0,2015-12-09 17:04:00,22,True,35.0,2015-12-09 18:29:00,7,True,120.0,True,120.0,True,120.0,True,120.0
1636-70-1008,1636-70-1008-0-1,2015-12-13 17:28:00,2015-12-13 17:58:00,9,2015-12-13 15:28:00,2015-12-13 16:08:00,0.4667431961652214,0.26545851817680965,120.0,80.0,True,120.0,2015-12-13 15:28:00,9,True,120.0,2015-12-13 15:28:00,7,True,85.0,2015-12-13 16:03:00,2,True,80.0,2015-12-13 16:08:00,1,False,,,0,True,120.0,True,120.0,True,120.0,True,120.0
1636-70-1010,1636-70-1010-5-0,2016-05-29 23:13:00,2016-05-29 23:33:00,24,2016-05-29 21:13:00,2016-05-29 23:08:00,0.9406241840551792,0.6087887210814195,120.0,5.0,True,120.0,2016-05-29 21:13:00,24,True,120.0,2016-05-29 21:13:00,24,True,120.0,2016-05-29 21:13:00,20,True,120.0,2016-05-29 21:13:00,19,True,120.0,2016-05-29 21:13:00,15,True,120.0,True,120.0,True,120.0,True,120.0
2133-001,2133-001-4-0,2016-08-09 21:39:00,2016-08-09 21:44:00,24,2016-08-09 19:39:00,2016-08-09 21:34:00,0.9215655962907404,0.7497157254691039,120.0,5.0,True,120.0,2016-08-09 19:39:00,24,True,120.0,2016-08-09 19:39:00,24,True,115.0,2016-08-09 19:44:00,23,True,115.0,2016-08-09 19:44:00,23,True,110.0,2016-08-09 19:49:00,21,True,120.0,True,120.0,True,120.0,True,120.0
2133-003,2133-003-0-0,2016-09-05 12:46:00,2016-09-05 13:01:00,24,2016-09-05 10:46:00,2016-09-05 12:41:00,0.9877566573139976,0.47152980603181477,120.0,5.0,True,120.0,2016-09-05 10:46:00,24,True,120.0,2016-09-05 10:46:00,24,True,120.0,2016-09-05 10:46:00,24,True,60.0,2016-09-05 11:46:00,11,True,20.0,2016-09-05 12:26:00,4,True,120.0,True,120.0,True,120.0,True,120.0
2133-003,2133-003-1-0,2016-09-05 20:21:00,2016-09-05 20:36:00,1,2016-09-05 19:11:00,2016-09-05 19:11:00,0.1650853198765448,0.1650853198765448,70.0,70.0,True,70.0,2016-09-05 19:11:00,1,False,,,0,False,,,0,False,,,0,False,,,0,True,70.0,True,70.0,True,70.0,False,
2133-004,2133-004-0-0,2016-09-23 11:08:00,2016-09-23 12:38:00,23,2016-09-23 09:08:00,2016-09-23 11:03:00,0.959891314480169,0.7754740959108443,120.0,5.0,True,120.0,2016-09-23 09:08:00,23,True,120.0,2016-09-23 09:08:00,23,True,120.0,2016-09-23 09:08:00,23,True,120.0,2016-09-23 09:08:00,23,True,120.0,2016-09-23 09:08:00,23,True,120.0,True,120.0,True,120.0,True,120.0
2133-004,2133-004-0-1,2016-09-24 00:13:00,2016-09-24 02:23:00,24,2016-09-23 22:13:00,2016-09-24 00:08:00,0.9429177507620484,0.6175444056238971,120.0,5.0,True,120.0,2016-09-23 22:13:00,24,True,120.0,2016-09-23 22:13:00,24,True,120.0,2016-09-23 22:13:00,24,True,105.0,2016-09-23 22:28:00,21,True,90.0,2016-09-23 22:43:00,17,True,120.0,True,120.0,True,120.0,True,120.0
2133-004,2133-004-0-2,2016-09-24 09:53:00,2016-09-24 11:08:00,23,2016-09-24 07:53:00,2016-09-24 09:48:00,0.9705275923632564,0.7032394039985681,120.0,5.0,True,120.0,2016-09-24 07:53:00,23,True,120.0,2016-09-24 07:53:00,23,True,120.0,2016-09-24 07:53:00,23,True,120.0,2016-09-24 07:53:00,23,True,120.0,2016-09-24 07:53:00,23,True,120.0,True,120.0,True,120.0,True,120.0
2133-004,2133-004-0-3,2016-09-24 16:53:00,2016-09-24 18:08:00,24,2016-09-24 14:53:00,2016-09-24 16:48:00,0.8644941645737912,0.470751619766921,120.0,5.0,True,120.0,2016-09-24 14:53:00,24,True,120.0,2016-09-24 14:53:00,24,True,70.0,2016-09-24 15:43:00,14,True,55.0,2016-09-24 15:58:00,11,True,50.0,2016-09-24 16:03:00,10,True,120.0,True,120.0,True,120.0,True,120.0
2133-004,2133-004-0-4,2016-09-25 22:58:00,2016-09-25 23:53:00,24,2016-09-25 20:58:00,2016-09-25 22:53:00,0.9478192339511612,0.6854075698279888,120.0,5.0,True,120.0,2016-09-25 20:58:00,24,True,120.0,2016-09-25 20:58:00,24,True,120.0,2016-09-25 20:58:00,24,True,120.0,2016-09-25 20:58:00,24,True,120.0,2016-09-25 20:58:00,24,True,120.0,True,120.0,True,120.0,True,120.0
2133-007,2133-007-5-0,2016-11-04 10:00:00,2016-11-04 10:25:00,4,2016-11-04 08:05:00,2016-11-04 09:55:00,0.9577886785054064,0.7613882587863989,115.0,5.0,True,115.0,2016-11-04 08:05:00,4,True,115.0,2016-11-04 08:05:00,4,True,115.0,2016-11-04 08:05:00,4,True,115.0,2016-11-04 08:05:00,4,True,15.0,2016-11-04 09:45:00,3,True,115.0,True,115.0,True,115.0,False,
2133-009,2133-009-0-0,2016-11-21 14:58:00,2016-11-21 15:18:00,5,2016-11-21 14:33:00,2016-11-21 14:53:00,0.8054945458491559,0.6780783310083967,25.0,5.0,True,25.0,2016-11-21 14:33:00,5,True,25.0,2016-11-21 14:33:00,5,True,25.0,2016-11-21 14:33:00,5,True,25.0,2016-11-21 14:33:00,5,True,20.0,2016-11-21 14:38:00,4,True,25.0,False,,False,,False,
2133-011,2133-011-6-0,2017-01-17 19:58:00,2017-01-17 20:28:00,24,2017-01-17 17:58:00,2017-01-17 19:53:00,0.9939428989530492,0.443219324814794,120.0,5.0,True,120.0,2017-01-17 17:58:00,24,True,120.0,2017-01-17 17:58:00,24,True,120.0,2017-01-17 17:58:00,21,True,55.0,2017-01-17 19:03:00,9,True,20.0,2017-01-17 19:38:00,4,True,120.0,True,120.0,True,120.0,True,120.0
2133-013,2133-013-12-0,2017-01-18 08:24:00,2017-01-18 08:59:00,7,2017-01-18 06:24:00,2017-01-18 06:59:00,0.3600730333923874,0.31254630078348455,120.0,85.0,True,120.0,2017-01-18 06:24:00,7,True,120.0,2017-01-18 06:24:00,7,True,110.0,2017-01-18 06:34:00,5,False,,,0,False,,,0,True,120.0,True,120.0,True,120.0,True,120.0
2133-015,2133-015-1-0,2017-01-30 20:23:00,2017-01-30 21:03:00,1,2017-01-30 19:03:00,2017-01-30 19:03:00,0.1329258702883475,0.1329258702883475,80.0,80.0,True,80.0,2017-01-30 19:03:00,1,False,,,0,False,,,0,False,,,0,False,,,0,True,80.0,True,80.0,True,80.0,False,
2133-015,2133-015-2-1,2017-01-31 16:48:00,2017-01-31 17:13:00,21,2017-01-31 14:48:00,2017-01-31 16:43:00,0.9513063924723368,0.7658038675817067,120.0,5.0,True,120.0,2017-01-31 14:48:00,21,True,120.0,2017-01-31 14:48:00,21,True,120.0,2017-01-31 14:48:00,21,True,120.0,2017-01-31 14:48:00,21,True,120.0,2017-01-31 14:48:00,20,True,120.0,True,120.0,True,120.0,True,120.0
2133-017,2133-017-0-0,2017-03-13 20:22:00,2017-03-13 20:32:00,24,2017-03-13 18:22:00,2017-03-13 20:17:00,0.9190615458896008,0.5678963216154963,120.0,5.0,True,120.0,2017-03-13 18:22:00,24,True,120.0,2017-03-13 18:22:00,24,True,120.0,2017-03-13 18:22:00,22,True,70.0,2017-03-13 19:12:00,14,True,65.0,2017-03-13 19:17:00,12,True,120.0,True,120.0,True,120.0,True,120.0
2133-018,2133-018-0-0,2017-03-15 10:35:00,2017-03-15 11:30:00,22,2017-03-15 08:35:00,2017-03-15 10:30:00,0.9743792626013928,0.5960210389217463,120.0,5.0,True,120.0,2017-03-15 08:35:00,22,True,120.0,2017-03-15 08:35:00,22,True,120.0,2017-03-15 08:35:00,22,True,120.0,2017-03-15 08:35:00,22,True,70.0,2017-03-15 09:25:00,12,True,120.0,True,120.0,True,120.0,True,120.0
2133-018,2133-018-0-1,2017-03-15 19:24:00,2017-03-15 20:59:00,22,2017-03-15 17:24:00,2017-03-15 19:19:00,0.9761085783459372,0.6242181247413723,120.0,5.0,True,120.0,2017-03-15 17:24:00,22,True,120.0,2017-03-15 17:24:00,22,True,120.0,2017-03-15 17:24:00,22,True,120.0,2017-03-15 17:24:00,19,True,120.0,2017-03-15 17:24:00,16,True,120.0,True,120.0,True,120.0,True,120.0
2133-018,2133-018-0-2,2017-03-16 07:44:00,2017-03-16 09:39:00,24,2017-03-16 05:44:00,2017-03-16 07:39:00,0.9838297524456152,0.3871150222688254,120.0,5.0,True,120.0,2017-03-16 05:44:00,24,True,120.0,2017-03-16 05:44:00,19,True,120.0,2017-03-16 05:44:00,14,True,120.0,2017-03-16 05:44:00,7,True,20.0,2017-03-16 07:24:00,4,True,120.0,True,120.0,True,120.0,True,120.0
2133-018,2133-018-0-3,2017-03-16 19:24:00,2017-03-16 21:14:00,24,2017-03-16 17:24:00,2017-03-16 19:19:00,0.9915931381380656,0.6797404083272979,120.0,5.0,True,120.0,2017-03-16 17:24:00,24,True,120.0,2017-03-16 17:24:00,24,True,120.0,2017-03-16 17:24:00,24,True,120.0,2017-03-16 17:24:00,24,True,120.0,2017-03-16 17:24:00,24,True,120.0,True,120.0,True,120.0,True,120.0
2133-018,2133-018-0-4,2017-03-17 09:59:00,2017-03-17 10:44:00,22,2017-03-17 07:59:00,2017-03-17 09:54:00,0.957724259329052,0.6389048901643135,120.0,5.0,True,120.0,2017-03-17 07:59:00,22,True,120.0,2017-03-17 07:59:00,20,True,120.0,2017-03-17 07:59:00,19,True,120.0,2017-03-17 07:59:00,18,True,120.0,2017-03-17 07:59:00,17,True,120.0,True,120.0,True,120.0,True,120.0
2133-018,2133-018-0-5,2017-03-17 20:19:00,2017-03-17 22:04:00,24,2017-03-17 18:19:00,2017-03-17 20:14:00,0.9809971689808176,0.6382369877012303,120.0,5.0,True,120.0,2017-03-17 18:19:00,24,True,120.0,2017-03-17 18:19:00,24,True,120.0,2017-03-17 18:19:00,24,True,120.0,2017-03-17 18:19:00,24,True,110.0,2017-03-17 18:29:00,21,True,120.0,True,120.0,True,120.0,True,120.0
2133-018,2133-018-0-6,2017-03-18 19:49:00,2017-03-18 20:39:00,22,2017-03-18 17:49:00,2017-03-18 19:39:00,0.9392912651633568,0.47183961452298956,120.0,10.0,True,120.0,2017-03-18 17:49:00,22,True,120.0,2017-03-18 17:49:00,18,True,120.0,2017-03-18 17:49:00,14,True,120.0,2017-03-18 17:49:00,11,True,45.0,2017-03-18 19:04:00,7,True,120.0,True,120.0,True,120.0,True,120.0
2133-018,2133-018-0-7,2017-03-19 08:24:00,2017-03-19 09:49:00,24,2017-03-19 06:24:00,2017-03-19 08:19:00,0.9862473670396996,0.5329544179366567,120.0,5.0,True,120.0,2017-03-19 06:24:00,24,True,120.0,2017-03-19 06:24:00,24,True,120.0,2017-03-19 06:24:00,23,True,120.0,2017-03-19 06:24:00,19,True,25.0,2017-03-19 07:59:00,5,True,120.0,True,120.0,True,120.0,True,120.0
2133-018,2133-018-0-8,2017-03-19 14:14:00,2017-03-19 15:54:00,23,2017-03-19 12:14:00,2017-03-19 14:09:00,0.9853948219265212,0.45937951323096393,120.0,5.0,True,120.0,2017-03-19 12:14:00,23,True,120.0,2017-03-19 12:14:00,23,True,120.0,2017-03-19 12:14:00,19,True,80.0,2017-03-19 12:54:00,7,True,25.0,2017-03-19 13:49:00,5,True,120.0,True,120.0,True,120.0,True,120.0
2133-018,2133-018-0-9,2017-03-19 16:29:00,2017-03-19 17:04:00,6,2017-03-19 15:59:00,2017-03-19 16:24:00,0.9849485354528724,0.8526982811087999,30.0,5.0,True,30.0,2017-03-19 15:59:00,6,True,30.0,2017-03-19 15:59:00,6,True,30.0,2017-03-19 15:59:00,6,True,30.0,2017-03-19 15:59:00,6,True,30.0,2017-03-19 15:59:00,6,True,30.0,True,30.0,False,,False,
2133-018,2133-018-0-10,2017-03-20 09:49:00,2017-03-20 12:34:00,24,2017-03-20 07:49:00,2017-03-20 09:44:00,0.951753412988711,0.5744431118187013,120.0,5.0,True,120.0,2017-03-20 07:49:00,24,True,120.0,2017-03-20 07:49:00,24,True,120.0,2017-03-20 07:49:00,24,True,115.0,2017-03-20 07:54:00,23,True,100.0,2017-03-20 08:09:00,18,True,120.0,True,120.0,True,120.0,True,120.0
2133-018,2133-018-0-11,2017-03-20 13:09:00,2017-03-20 13:24:00,6,2017-03-20 12:39:00,2017-03-20 13:04:00,0.992995928196491,0.9794593700907129,30.0,5.0,True,30.0,2017-03-20 12:39:00,6,True,30.0,2017-03-20 12:39:00,6,True,30.0,2017-03-20 12:39:00,6,True,30.0,2017-03-20 12:39:00,6,True,30.0,2017-03-20 12:39:00,6,True,30.0,True,30.0,False,,False,
2133-019,2133-019-4-0,2017-03-21 13:57:00,2017-03-21 14:02:00,24,2017-03-21 11:57:00,2017-03-21 13:52:00,0.9789357182514522,0.7631859650010666,120.0,5.0,True,120.0,2017-03-21 11:57:00,24,True,120.0,2017-03-21 11:57:00,24,True,120.0,2017-03-21 11:57:00,24,True,120.0,2017-03-21 11:57:00,24,True,120.0,2017-03-21 11:57:00,23,True,120.0,True,120.0,True,120.0,True,120.0
2133-020,2133-020-1-0,2017-03-20 13:31:00,2017-03-20 14:31:00,24,2017-03-20 11:31:00,2017-03-20 13:26:00,0.9770962497449412,0.3544911912117381,120.0,5.0,True,120.0,2017-03-20 11:31:00,24,True,120.0,2017-03-20 11:31:00,24,True,70.0,2017-03-20 12:21:00,8,True,25.0,2017-03-20 13:06:00,4,True,25.0,2017-03-20 13:06:00,3,True,120.0,True,120.0,True,120.0,True,120.0
2133-020,2133-020-2-0,2017-03-23 14:21:00,2017-03-23 15:06:00,24,2017-03-23 12:21:00,2017-03-23 14:16:00,0.9631280773982108,0.3329088006607243,120.0,5.0,True,120.0,2017-03-23 12:21:00,14,True,120.0,2017-03-23 12:21:00,13,True,115.0,2017-03-23 12:26:00,9,True,40.0,2017-03-23 13:41:00,7,True,40.0,2017-03-23 13:41:00,7,True,120.0,True,120.0,True,120.0,True,120.0
2133-021,2133-021-0-0,2017-03-17 19:44:00,2017-03-17 23:39:00,24,2017-03-17 17:44:00,2017-03-17 19:39:00,0.924618745798054,0.47637485765807225,120.0,5.0,True,120.0,2017-03-17 17:44:00,24,True,120.0,2017-03-17 17:44:00,24,True,120.0,2017-03-17 17:44:00,17,True,120.0,2017-03-17 17:44:00,12,True,40.0,2017-03-17 19:04:00,8,True,120.0,True,120.0,True,120.0,True,120.0
2133-021,2133-021-0-1,2017-03-18 14:44:00,2017-03-18 15:49:00,24,2017-03-18 12:44:00,2017-03-18 14:39:00,0.9043892550133544,0.3951837480197346,120.0,5.0,True,120.0,2017-03-18 12:44:00,23,True,100.0,2017-03-18 13:04:00,20,True,75.0,2017-03-18 13:29:00,11,True,40.0,2017-03-18 14:04:00,8,True,40.0,2017-03-18 14:04:00,8,True,120.0,True,120.0,True,120.0,True,120.0
2133-021,2133-021-1-0,2017-03-19 20:04:00,2017-03-19 20:24:00,24,2017-03-19 18:04:00,2017-03-19 19:59:00,0.8963034481790955,0.47889492004198714,120.0,5.0,True,120.0,2017-03-19 18:04:00,24,True,100.0,2017-03-19 18:24:00,20,True,95.0,2017-03-19 18:29:00,16,True,65.0,2017-03-19 18:59:00,13,True,55.0,2017-03-19 19:09:00,11,True,120.0,True,120.0,True,120.0,True,120.0
2133-021,2133-021-1-1,2017-03-22 07:54:00,2017-03-22 08:54:00,24,2017-03-22 05:54:00,2017-03-22 07:49:00,0.9644207931697965,0.6905990311919261,120.0,5.0,True,120.0,2017-03-22 05:54:00,24,True,120.0,2017-03-22 05:54:00,24,True,120.0,2017-03-22 05:54:00,24,True,120.0,2017-03-22 05:54:00,24,True,120.0,2017-03-22 05:54:00,24,True,120.0,True,120.0,True,120.0,True,120.0
2133-021,2133-021-1-2,2017-03-22 20:14:00,2017-03-22 21:54:00,24,2017-03-22 18:14:00,2017-03-22 20:09:00,0.9301314662421594,0.6420536398268452,120.0,5.0,True,120.0,2017-03-22 18:14:00,24,True,120.0,2017-03-22 18:14:00,24,True,120.0,2017-03-22 18:14:00,24,True,120.0,2017-03-22 18:14:00,24,True,115.0,2017-03-22 18:19:00,18,True,120.0,True,120.0,True,120.0,True,120.0
2133-021,2133-021-1-3,2017-03-22 22:49:00,2017-03-22 23:04:00,10,2017-03-22 21:59:00,2017-03-22 22:44:00,0.9664601857373464,0.9194987620295058,50.0,5.0,True,50.0,2017-03-22 21:59:00,10,True,50.0,2017-03-22 21:59:00,10,True,50.0,2017-03-22 21:59:00,10,True,50.0,2017-03-22 21:59:00,10,True,50.0,2017-03-22 21:59:00,10,True,50.0,True,50.0,False,,False,
2133-021,2133-021-1-4,2017-03-23 08:04:00,2017-03-23 09:04:00,24,2017-03-23 06:04:00,2017-03-23 07:59:00,0.9586556047946622,0.6643952638876046,120.0,5.0,True,120.0,2017-03-23 06:04:00,24,True,120.0,2017-03-23 06:04:00,24,True,120.0,2017-03-23 06:04:00,24,True,120.0,2017-03-23 06:04:00,21,True,120.0,2017-03-23 06:04:00,19,True,120.0,True,120.0,True,120.0,True,120.0
2133-021,2133-021-1-5,2017-03-23 13:54:00,2017-03-23 15:39:00,24,2017-03-23 11:54:00,2017-03-23 13:49:00,0.9548157349106065,0.5748208915285383,120.0,5.0,True,120.0,2017-03-23 11:54:00,24,True,120.0,2017-03-23 11:54:00,24,True,120.0,2017-03-23 11:54:00,24,True,120.0,2017-03-23 11:54:00,24,True,75.0,2017-03-23 12:39:00,11,True,120.0,True,120.0,True,120.0,True,120.0
2133-021,2133-021-1-6,2017-03-23 19:24:00,2017-03-23 19:49:00,23,2017-03-23 17:24:00,2017-03-23 19:14:00,0.9541583748384342,0.43509172960313836,120.0,10.0,True,120.0,2017-03-23 17:24:00,22,True,100.0,2017-03-23 17:44:00,19,True,85.0,2017-03-23 17:59:00,16,True,75.0,2017-03-23 18:09:00,9,True,40.0,2017-03-23 18:44:00,7,True,120.0,True,120.0,True,120.0,True,120.0
2133-022,2133-022-1-0,2017-03-25 13:34:00,2017-03-25 14:14:00,24,2017-03-25 11:34:00,2017-03-25 13:29:00,0.9663351192270327,0.5123115303842273,120.0,5.0,True,120.0,2017-03-25 11:34:00,24,True,120.0,2017-03-25 11:34:00,24,True,85.0,2017-03-25 12:09:00,17,True,70.0,2017-03-25 12:24:00,14,True,45.0,2017-03-25 12:49:00,9,True,120.0,True,120.0,True,120.0,True,120.0
2133-022,2133-022-2-1,2017-03-27 20:19:00,2017-03-27 20:49:00,23,2017-03-27 18:19:00,2017-03-27 20:14:00,0.989773073528829,0.6202063538659148,120.0,5.0,True,120.0,2017-03-27 18:19:00,23,True,120.0,2017-03-27 18:19:00,23,True,120.0,2017-03-27 18:19:00,23,True,115.0,2017-03-27 18:24:00,22,True,100.0,2017-03-27 18:39:00,19,True,120.0,True,120.0,True,120.0,True,120.0
2133-035,2133-035-5-0,2017-06-06 19:46:00,2017-06-06 20:06:00,24,2017-06-06 17:46:00,2017-06-06 19:41:00,0.9750754393361996,0.5390577040113821,120.0,5.0,True,120.0,2017-06-06 17:46:00,24,True,120.0,2017-06-06 17:46:00,24,True,120.0,2017-06-06 17:46:00,24,True,115.0,2017-06-06 17:51:00,19,True,40.0,2017-06-06 19:06:00,8,True,120.0,True,120.0,True,120.0,True,120.0
2133-036,2133-036-20-0,2017-06-09 16:46:00,2017-06-09 18:11:00,20,2017-06-09 14:46:00,2017-06-09 16:31:00,0.9522546374141504,0.8190228747080617,120.0,15.0,True,120.0,2017-06-09 14:46:00,20,True,120.0,2017-06-09 14:46:00,20,True,120.0,2017-06-09 14:46:00,20,True,120.0,2017-06-09 14:46:00,20,True,120.0,2017-06-09 14:46:00,20,True,120.0,True,120.0,True,120.0,True,120.0
2133-036,2133-036-20-1,2017-06-09 20:41:00,2017-06-09 21:31:00,15,2017-06-09 18:46:00,2017-06-09 20:36:00,0.9640470802489252,0.8025828881651218,115.0,5.0,True,115.0,2017-06-09 18:46:00,15,True,115.0,2017-06-09 18:46:00,15,True,115.0,2017-06-09 18:46:00,15,True,115.0,2017-06-09 18:46:00,15,True,115.0,2017-06-09 18:46:00,15,True,115.0,True,115.0,True,115.0,False,
2133-039,2133-039-4-0,2017-06-07 10:28:00,2017-06-07 11:28:00,6,2017-06-07 08:33:00,2017-06-07 09:28:00,0.8577624916664504,0.26973544600542854,115.0,60.0,True,115.0,2017-06-07 08:33:00,4,True,100.0,2017-06-07 08:48:00,2,True,100.0,2017-06-07 08:48:00,2,True,100.0,2017-06-07 08:48:00,1,True,100.0,2017-06-07 08:48:00,1,True,115.0,True,115.0,True,115.0,False,
2133-039,2133-039-6-0,2017-06-08 20:18:00,2017-06-08 20:33:00,17,2017-06-08 18:18:00,2017-06-08 20:13:00,0.941588074038512,0.6834550556189621,120.0,5.0,True,120.0,2017-06-08 18:18:00,17,True,120.0,2017-06-08 18:18:00,17,True,120.0,2017-06-08 18:18:00,17,True,110.0,2017-06-08 18:28:00,14,True,110.0,2017-06-08 18:28:00,13,True,120.0,True,120.0,True,120.0,True,120.0
2133-041,2133-041-3-1,2017-07-09 07:16:00,2017-07-09 07:21:00,24,2017-07-09 05:16:00,2017-07-09 07:11:00,0.972719289228472,0.6711186512578774,120.0,5.0,True,120.0,2017-07-09 05:16:00,24,True,120.0,2017-07-09 05:16:00,24,True,120.0,2017-07-09 05:16:00,24,True,120.0,2017-07-09 05:16:00,24,True,120.0,2017-07-09 05:16:00,24,True,120.0,True,120.0,True,120.0,True,120.0
