person_id,file_status,rows,invalid_timestamps,missing_glucose,non_numeric_glucose,duplicate_timestamps,segment_count,segments_long_enough_for_2h,min_glucose,max_glucose,mean_glucose,values_above_180,median_interval_minutes,max_interval_minutes,non_numeric_values,error_message,diabetes_type,age,gender,race_ethnicity,hba1c_%,CGM_type,glucose_level_record_count,average_glucose_level_mg_dl,count_days_with_CGM_data
1636-69-001,PASS,1846,0,0,0,0,4,4,64.0,250.0,108.22860238353196,47,5.0,600082.0,{},,T2D,59,,,6.7,Dexcom G4,1846,108.23,8
1636-69-026,PASS,1796,0,0,0,0,4,4,62.0,182.0,115.15590200445435,5,5.0,520.0,{},,Prediabetes,67,,,6.2,Dexcom G4,1796,115.16,8
1636-69-028,PASS,1822,0,0,0,0,6,5,55.0,216.0,115.38529088913282,28,5.0,98666.0,{},,No diabetes,50,,,5.2,Dexcom G4,1822,115.39,9
1636-69-032,PASS,1783,0,0,0,0,1,1,67.0,191.0,108.3157599551318,3,5.0,10.0,{},,Prediabetes,59,,,5.7,Dexcom G4,1783,108.32,7
1636-69-035,PASS,2180,0,0,0,0,24,22,69.0,234.0,116.55642201834863,43,5.0,745.0,{},,No diabetes,60,,,5.5,Dexcom G4,2180,116.56,12
1636-69-048,PASS,1779,0,0,0,0,2,2,63.0,144.0,97.01292861157954,0,5.0,20.0,{},,No diabetes,60,,,5.2,Dexcom G4,1779,97.01,7
1636-69-053,PASS,1867,0,0,0,0,7,7,43.0,183.0,100.83717193358329,2,5.0,420673.0,{},,No diabetes,60,,,5.0,Dexcom G4,1867,100.84,9
1636-69-060,PASS,1821,0,0,0,0,4,4,91.0,191.0,124.34870950027458,5,5.0,150.0,{},,No diabetes,55,,,5.2,Dexcom G4,1821,124.35,8
1636-69-064,PASS,1584,0,0,0,0,3,3,43.0,218.0,116.33270202020202,19,5.0,115.0,{},,No diabetes,51,,,5.2,Dexcom G4,1584,116.33,7
1636-69-069,PASS,1897,0,0,0,0,10,9,69.0,187.0,108.58249868212968,7,5.0,21009.0,{},,No diabetes,56,,,5.5,Dexcom G4,1897,108.58,10
1636-69-090,PASS,1863,0,0,0,0,10,8,54.0,195.0,108.75040257648953,19,5.0,265.0,{},,Prediabetes,76,,,5.6,Dexcom G4,1863,108.75,7
1636-69-091,PASS,1803,0,0,0,0,4,4,70.0,163.0,103.10704381586245,0,5.0,75.0,{},,T2D,62,,,6.5,Dexcom G4,1803,103.11,8
1636-69-100,PASS,1880,0,0,0,0,8,8,41.0,153.0,97.40478723404256,0,5.0,242112.0,{},,No diabetes,45,,,5.3,Dexcom G4,1880,97.4,9
1636-69-104,PASS,2361,0,0,0,0,52,38,46.0,152.0,89.6861499364676,0,5.0,248911.0,{},,No diabetes,56,,,4.6,Dexcom G4,2361,89.69,17
1636-69-107,PASS,1897,0,0,0,0,9,8,66.0,195.0,112.32894043226146,9,5.0,410.0,{},,No diabetes,53,,,5.6,Dexcom G4,1897,112.33,8
1636-69-111,WARNING,1868,0,0,1,0,8,8,48.0,135.0,99.23031601499733,0,5.0,20499.0,{'Low': 1},,No diabetes,48,,,5.2,Dexcom G4,1868,99.23,9
1636-69-114,PASS,1796,0,0,0,0,2,2,76.0,163.0,113.12527839643653,0,5.0,40.0,{},,Prediabetes,65,,,5.8,Dexcom G4,1796,113.13,7
1636-69-123,PASS,1905,0,0,0,0,8,8,49.0,138.0,86.47401574803149,0,5.0,1670.0,{},,No diabetes,54,,,5.3,Dexcom G4,1905,86.47,9
1636-70-1002,PASS,1794,0,0,0,0,2,2,57.0,168.0,99.39409141583054,0,5.0,80.0,{},,No diabetes,51,,,5.2,Dexcom G4,1794,99.39,7
1636-70-1003,PASS,1895,0,0,0,0,13,12,46.0,146.0,90.35831134564644,0,5.0,265.0,{},,No diabetes,51,,,5.2,Dexcom G4,1895,90.36,8
1636-70-1005,PASS,1846,0,0,0,0,7,7,52.0,225.0,112.84561213434453,26,5.0,1520.0,{},,Prediabetes,66,,,5.5,Dexcom G4,1846,112.85,9
1636-70-1008,PASS,1760,0,0,0,0,1,1,51.0,223.0,100.22670454545455,19,5.0,15.0,{},,No diabetes,62,,,5.4,Dexcom G4,1760,100.23,7
1636-70-1010,PASS,1820,0,0,0,0,6,6,54.0,186.0,113.98406593406594,5,5.0,117934.0,{},,Prediabetes,68,,,5.5,Dexcom G4,1820,113.98,9
2133-001,PASS,1814,0,0,0,0,5,5,47.0,186.0,85.12789415656009,2,5.0,930.0,{},,No diabetes,27,,,5.2,Dexcom G4,1814,85.13,8
2133-002,PASS,1806,0,0,0,0,8,7,60.0,163.0,94.55758582502769,0,5.0,75.0,{},,No diabetes,29,,,5.3,Dexcom G4,1806,94.56,8
2133-003,PASS,1805,0,0,0,0,2,2,62.0,190.0,100.04321329639889,8,5.0,40.0,{},,No diabetes,36,,,5.4,Dexcom G4,1805,100.04,8
2133-004,PASS,1776,0,0,0,0,1,1,61.0,246.0,126.61936936936937,89,5.0,15.0,{},,T2D,54,,,6.0,Dexcom G4,1776,126.62,7
2133-006,PASS,1777,0,0,0,0,1,1,54.0,148.0,83.61564434440068,0,5.0,10.0,{},,No diabetes,29,,,5.3,Dexcom G4,1777,83.62,7
2133-007,PASS,1877,0,0,0,0,15,13,65.0,207.0,111.02131060202451,4,5.0,1300.0,{},,No diabetes,48,,,5.5,Dexcom G4,1877,111.02,9
2133-008,PASS,1805,0,0,0,0,2,2,49.0,137.0,89.34847645429363,0,5.0,75.0,{},,No diabetes,31,,,,Dexcom G4,1805,89.35,7
2133-009,PASS,1781,0,0,0,0,1,1,59.0,183.0,109.65244244806289,4,5.0,10.0,{},,No diabetes,25,,,5.2,Dexcom G4,1781,109.65,7
2133-010,PASS,1832,0,0,0,0,9,8,62.0,143.0,93.40775109170306,0,5.0,190.0,{},,No diabetes,29,,,,Dexcom G4,1832,93.41,8
2133-011,WARNING,1933,0,0,3,0,9,9,47.0,204.0,95.26113989637305,7,5.0,1115.0,{'Low': 3},,No diabetes,32,,,5.4,Dexcom G4,1933,95.26,10
2133-012,PASS,1935,0,0,0,0,8,8,49.0,148.0,96.02325581395348,0,5.0,7394.0,{},,No diabetes,27,,,5.3,Dexcom G4,1935,96.02,10
2133-013,WARNING,1960,0,0,1,0,17,15,41.0,206.0,96.83511995916284,8,5.0,445.0,{'Low': 1},,No diabetes,65,,,5.4,Dexcom G4,1960,96.84,9
2133-015,PASS,1835,0,0,0,0,6,5,58.0,213.0,108.77929155313352,18,5.0,150.0,{},,Prediabetes,51,,,5.7,Dexcom G4,1835,108.78,8
2133-017,PASS,1799,0,0,0,0,5,5,68.0,182.0,109.5958866036687,2,5.0,75.0,{},,Prediabetes,47,,,5.3,Dexcom G4,1799,109.6,7
2133-018,PASS,1775,0,0,0,0,1,1,73.0,303.0,126.56676056338029,207,5.0,15.0,{},,T2D,64,,,6.4,Dexcom G4,1775,126.57,7
2133-019,PASS,1801,0,0,0,0,6,6,53.0,192.0,106.72792892837313,2,5.0,4030.0,{},,Prediabetes,64,,,6.2,Dexcom G4,1801,106.73,8
2133-020,PASS,1826,0,0,0,0,3,3,40.0,201.0,96.92716319824754,23,5.0,75.0,{},,No diabetes,53,,,5.1,Dexcom G4,1826,96.93,7
2133-021,PASS,1797,0,0,0,0,2,2,62.0,236.0,130.04006677796326,145,5.0,80.0,{},,Prediabetes,56,,,6.0,Dexcom G4,1797,130.04,7
2133-022,WARNING,1814,0,0,1,0,3,3,40.0,204.0,105.5399889685604,19,5.0,190.0,{'Low': 1},,No diabetes,60,,,4.9,Dexcom G4,1814,105.54,8
2133-023,WARNING,1838,0,0,3,0,5,4,44.0,142.0,87.62234332425068,0,5.0,1150.0,{'Low': 3},,No diabetes,52,,,5.2,Dexcom G4,1838,87.62,9
2133-024,PASS,1821,0,0,0,0,3,3,41.0,180.0,99.41954969796815,0,5.0,150.0,{},,Prediabetes,28,,,5.2,Dexcom G4,1821,99.42,8
2133-025,PASS,1865,0,0,0,0,6,6,45.0,175.0,87.06434316353888,0,5.0,115.0,{},,No diabetes,64,,,5.1,Dexcom G4,1865,87.06,8
2133-026,PASS,1782,0,0,0,0,1,1,45.0,166.0,82.69248035914703,0,5.0,10.0,{},,No diabetes,34,,,5.1,Dexcom G4,1782,82.69,7
2133-027,PASS,1936,0,0,0,0,11,11,60.0,155.0,91.11828512396694,0,5.0,965.0,{},,Prediabetes,58,,,5.5,Dexcom G4,1936,91.12,9
2133-028,PASS,1850,0,0,0,0,4,4,45.0,111.0,74.78972972972973,0,5.0,670.0,{},,No diabetes,25,,,5.0,Dexcom G4,1850,74.79,8
2133-030,PASS,1818,0,0,0,0,3,3,41.0,147.0,93.1996699669967,0,5.0,565.0,{},,No diabetes,31,,,5.4,Dexcom G4,1818,93.2,8
2133-032,PASS,1781,0,0,0,0,1,1,69.0,147.0,99.47501403705783,0,5.0,10.0,{},,No diabetes,35,,,5.1,Dexcom G4,1781,99.48,7
2133-033,PASS,1892,0,0,0,0,8,7,49.0,161.0,92.98097251585624,0,5.0,450.0,{},,No diabetes,42,,,5.0,Dexcom G4,1892,92.98,8
2133-035,PASS,1830,0,0,0,0,8,6,47.0,190.0,101.77103825136612,5,5.0,410.0,{},,Prediabetes,61,,,5.4,Dexcom G4,1830,101.77,8
2133-036,PASS,1954,0,0,0,0,22,20,58.0,214.0,107.52865916069601,28,5.0,410.0,{},,Prediabetes,30,,,5.9,Dexcom G4,1954,107.53,10
2133-037,PASS,1785,0,0,0,0,2,2,48.0,153.0,92.96582633053221,0,5.0,75.0,{},,No diabetes,28,,,4.9,Dexcom G4,1785,92.97,7
2133-039,PASS,2013,0,0,0,0,27,21,50.0,204.0,103.92151018380527,14,5.0,705.0,{},,T2D,46,,,5.1,Dexcom G4,2013,103.92,10
2133-040,PASS,1792,0,0,0,0,5,5,59.0,171.0,92.58537946428571,0,5.0,80.0,{},,No diabetes,39,,,5.2,Dexcom G4,1792,92.59,8
2133-041,PASS,1858,0,0,0,0,5,5,51.0,204.0,108.56027987082885,4,5.0,1260.0,{},,No diabetes,51,,,4.9,Dexcom G4,1858,108.56,9
