threshold,total_rows,actual_positive_rows,actual_negative_rows,predicted_alert_rows,predicted_non_alert_rows,true_positives,false_positives,true_negatives,false_negatives,precision,recall,f1,specificity,false_positive_rate,alert_rate,capture_rate,lift_vs_base_rate
0.01,89329,1662,87667,88416,913,1662,86754,913,0,0.018797502714440827,1.0,0.036901352161460066,0.010414409070687945,0.9895855909293121,0.9897793549687112,1.0,1.010326185305827
0.02,89329,1662,87667,88053,1276,1662,86391,1276,0,0.01887499574120132,1.0,0.037050660424678146,0.014555077737347006,0.985444922262653,0.985715725016512,1.0,1.014491272301909
0.03,89329,1662,87667,87649,1680,1659,85990,1677,3,0.018927768713847277,0.9981949458483754,0.03715107881447974,0.01912920483192079,0.9808707951680792,0.9811931175765989,0.9981949458483754,1.0173277084472103
0.04,89329,1662,87667,87192,2137,1655,85537,2130,7,0.018981099183411322,0.9957882069795427,0.037252121457672135,0.02429648556469367,0.9757035144353063,0.976077197774519,0.9957882069795427,1.020194108877828
0.05,89329,1662,87667,86678,2651,1655,85023,2644,7,0.019093656983317567,0.9957882069795427,0.037468870273941586,0.030159581142277025,0.969840418857723,0.9703231873187879,0.9957882069795427,1.0262438535877105
0.060000000000000005,89329,1662,87667,86155,3174,1654,84501,3166,8,0.01919795717021647,0.9951865222623345,0.037669243996037216,0.036113931125737166,0.9638860688742629,0.9644684257072171,0.9951865222623345,1.031849768988127
0.06999999999999999,89329,1662,87667,85589,3740,1653,83936,3731,9,0.019313229503791374,0.9945848375451264,0.03789068320133867,0.042558773540785015,0.957441226459215,0.9581322974621903,0.9945848375451264,1.038045414166173
0.08,89329,1662,87667,84987,4342,1652,83335,4332,10,0.019438267029075036,0.9939831528279182,0.038130849750141374,0.049414260782278396,0.9505857392177216,0.951393164593805,0.9939831528279182,1.0447659178340818
0.09,89329,1662,87667,84278,5051,1650,82628,5039,12,0.019578063076959588,0.9927797833935018,0.03839888294158715,0.057478868901639155,0.9425211310983609,0.9434562124282148,0.9927797833935018,1.052279661011867
0.09999999999999999,89329,1662,87667,83497,5832,1646,81851,5816,16,0.019713283111968096,0.9903730445246691,0.03865710024777182,0.06634195307242177,0.9336580469275783,0.9347132510159075,0.9903730445246691,1.0595474531341744
0.11,89329,1662,87667,82718,6611,1643,81075,6592,19,0.019862665925191616,0.9885679903730445,0.03894287745911353,0.0751936304424698,0.9248063695575302,0.9259926787493423,0.9885679903730445,1.0675764647601935
0.12,89329,1662,87667,81855,7474,1638,80217,7450,24,0.020010995052226498,0.9855595667870036,0.039225546894644206,0.08498066547275486,0.9150193345272452,0.9163317623616071,0.9855595667870036,1.0755488429725275
0.13,89329,1662,87667,80981,8348,1634,79347,8320,28,0.02017757251701016,0.9831528279181708,0.03954357900850647,0.09490458211185508,0.905095417888145,0.90654770567229,0.9831528279181708,1.0845020309097477
0.14,89329,1662,87667,80032,9297,1633,78399,9268,29,0.020404338264694122,0.9825511432009627,0.03997845619017309,0.10571822920825397,0.8942817707917461,0.8959240560176427,0.9825511432009627,1.096690212302564
0.15000000000000002,89329,1662,87667,78973,10356,1631,77342,10325,31,0.020652628113405846,0.9813477737665464,0.04045389719104607,0.117775217584724,0.882224782415276,0.8840690033471773,0.9813477737665464,1.1100352687980932
0.16,89329,1662,87667,77899,11430,1626,76273,11394,36,0.02087318194071811,0.9783393501805054,0.040874297708676365,0.12996908757000925,0.8700309124299908,0.8720460320836458,0.9783393501805054,1.121889572552592
0.17,89329,1662,87667,76728,12601,1623,75105,12562,39,0.02115264310290898,0.9765342960288809,0.04140834290088021,0.14329223082801967,0.8567077691719803,0.8589371872516204,0.9765342960288809,1.136910021504065
0.18000000000000002,89329,1662,87667,75450,13879,1617,73833,13834,45,0.021431411530815108,0.9729241877256317,0.041938997821350764,0.15780168136242828,0.8421983186375718,0.8446305231223903,0.9729241877256317,1.15189323744656
0.19,89329,1662,87667,74163,15166,1613,72550,15117,49,0.0217493898574761,0.970517448856799,0.04254533465215958,0.17243660670491748,0.8275633932950825,0.8302231078373205,0.970517448856799,1.1689839028751399
0.2,89329,1662,87667,72800,16529,1609,71191,16476,53,0.02210164835164835,0.9681107099879663,0.043216674276812334,0.1879384489032361,0.8120615510967639,0.8149649050140492,0.9681107099879663,1.1879170551169649
0.21000000000000002,89329,1662,87667,71435,17894,1604,69831,17836,58,0.02245397914187723,0.9651022864019254,0.043886890022846355,0.20345169790228934,0.7965483020977107,0.7996843130450357,0.9651022864019254,1.2068540931195855
0.22,89329,1662,87667,69919,19410,1599,68320,19347,63,0.02286932021338978,0.9620938628158845,0.0446766600075439,0.22068737381226688,0.7793126261877331,0.7827133405724904,0.9620938628158845,1.229177801048072
0.23,89329,1662,87667,68406,20923,1591,66815,20852,71,0.023258193725696576,0.957280385078219,0.045413027344864985,0.2378546089178368,0.7621453910821632,0.7657759518185584,0.957280385078219,1.2500789334071898
0.24000000000000002,89329,1662,87667,66851,22478,1587,65264,22403,75,0.023739360667753662,0.9548736462093863,0.04632697444280647,0.25554655685719824,0.7444534431428017,0.7483683910040413,0.9548736462093863,1.275940643254974
0.25,89329,1662,87667,65252,24077,1580,63672,23995,82,0.024213817201005332,0.950661853188929,0.047224796006814715,0.2737061836266782,0.7262938163733218,0.7304682689831969,0.950661853188929,1.3014416827608937
0.26,89329,1662,87667,63595,25734,1564,62031,25636,98,0.024593128390596745,0.941034897713598,0.0479335550209173,0.2924247436321535,0.7075752563678465,0.7119188617358305,0.941034897713598,1.3218288604113215
0.27,89329,1662,87667,61867,27462,1537,60330,27337,125,0.024843616144309567,0.9247894103489771,0.04838735065875427,0.31182771168170464,0.6881722883182954,0.6925746398146179,0.9247894103489771,1.3352920496720995
0.28,89329,1662,87667,60106,29223,1517,58589,29078,145,0.0252387448840382,0.9127557160048135,0.049119285066701206,0.33168695176063967,0.6683130482393603,0.6728609969886599,0.9127557160048135,1.3565293873322795
0.29000000000000004,89329,1662,87667,58349,30980,1505,56844,30823,157,0.025793072717612983,0.9055354993983152,0.05015747113029278,0.35159181904251313,0.6484081809574869,0.6531921324541862,0.9055354993983152,1.3863233410298736
0.3,89329,1662,87667,56494,32835,1496,54998,32669,166,0.026480688214677663,0.9001203369434416,0.051447829974551204,0.372648773198581,0.627351226801419,0.6324261997783475,0.9001203369434416,1.4232812259500247
0.31,89329,1662,87667,54663,34666,1485,53178,34489,177,0.027166456286702157,0.8935018050541517,0.05272969374167776,0.3934091505355493,0.6065908494644507,0.6119289368514145,0.8935018050541517,1.4601398156647514
0.32,89329,1662,87667,52868,36461,1465,51403,36264,197,0.0277105243247333,0.881468110709988,0.05373189070236567,0.4136562218394607,0.5863437781605393,0.59183467854784,0.881468110709988,1.4893823269579427
0.33,89329,1662,87667,51067,38262,1448,49619,38048,214,0.028354906299567235,0.8712394705174489,0.05492233875097195,0.43400595434998346,0.5659940456500165,0.5716732528070392,0.8712394705174489,1.5240165011035147
0.34,89329,1662,87667,49225,40104,1431,47794,39873,231,0.029070594210259013,0.8610108303249098,0.05624226226737674,0.45482336569062476,0.5451766343093752,0.5510528495785243,0.8610108303249098,1.5624832191385243
0.35000000000000003,89329,1662,87667,47363,41966,1419,45944,41723,243,0.029960095433144016,0.8537906137184116,0.05788883222845487,0.475925947049631,0.524074052950369,0.5302085548925881,0.8537906137184116,1.610292036671072
0.36000000000000004,89329,1662,87667,45486,43843,1394,44092,43575,268,0.030646792419645606,0.838748495788207,0.0591329430728769,0.4970513420101064,0.5029486579898935,0.5091963416135857,0.838748495788207,1.647200553582745
0.37,89329,1662,87667,43700,45629,1375,42325,45342,287,0.031464530892448515,0.8273164861612515,0.060623429302058995,0.5172071589081411,0.482792841091859,0.48920283446585094,0.8273164861612515,1.6911522744233052
0.38,89329,1662,87667,41923,47406,1358,40565,47102,304,0.03239271998664218,0.8170878459687124,0.06231501663416313,0.5372831282010334,0.46271687179896653,0.46931007847395584,0.8170878459687124,1.7410404835660402
0.39,89329,1662,87667,40132,49197,1339,38793,48874,323,0.033364895843715735,0.805655836341757,0.06407618318418912,0.5574959791027411,0.44250402089725893,0.44926059846186567,0.805655836341757,1.7932928885819992
0.4,89329,1662,87667,38427,50902,1318,37109,50558,344,0.034298800322689775,0.7930204572803851,0.06575369802190127,0.576705031539804,0.423294968460196,0.43017385171668776,0.7930204572803851,1.8434882876206709
0.41000000000000003,89329,1662,87667,36747,52582,1297,35450,52217,365,0.035295398263803845,0.7803850782190133,0.06753625452367934,0.595628913958502,0.40437108604149796,0.4113669692932866,0.7803850782190133,1.8970533282234257
0.42000000000000004,89329,1662,87667,35082,54247,1281,33801,53866,381,0.03651445185565247,0.7707581227436823,0.06972566949706074,0.6144387283698541,0.3855612716301459,0.39272800546295156,0.7707581227436823,1.9625748915845844
0.43,89329,1662,87667,33485,55844,1258,32227,55440,404,0.03756906077348066,0.7569193742478941,0.07158505704612057,0.6323930327261114,0.3676069672738887,0.3748502725878494,0.7569193742478941,2.01925790002061
0.44,89329,1662,87667,31856,57473,1234,30622,57045,428,0.03873681567051733,0.7424789410348978,0.07363207828629394,0.650700947905141,0.34929905209485895,0.35661431338087296,0.7424789410348978,2.0820222665653687
0.45,89329,1662,87667,30335,58994,1212,29123,58544,450,0.039953848689632435,0.7292418772563177,0.0757571022283339,0.6677997422063034,0.3322002577936966,0.33958736804397227,0.7292418772563177,2.147435228397218
0.46,89329,1662,87667,28778,60551,1184,27594,60073,478,0.041142539439849884,0.7123947051744886,0.07779237844940867,0.6852407405295037,0.3147592594704963,0.322157418083713,0.7123947051744886,2.211324852961703
0.47000000000000003,89329,1662,87667,27216,62113,1148,26068,61599,514,0.04218106995884774,0.690734055354994,0.0795068910589376,0.7026475184505002,0.29735248154949984,0.30467149525909837,0.690734055354994,2.2671436813200416
0.48000000000000004,89329,1662,87667,25814,63515,1121,24693,62974,541,0.04342604788099481,0.674488567990373,0.08159848595137574,0.7183318694605724,0.28166813053942763,0.2889767040938553,0.674488567990373,2.3340586228407854
0.49,89329,1662,87667,24451,64878,1101,23350,64317,561,0.0450288331765572,0.6624548736462094,0.08432581472829626,0.7336512028471375,0.2663487971528625,0.273718501270584,0.6624548736462094,2.420204957177303
0.5,89329,1662,87667,23091,66238,1083,22008,65659,579,0.046901390152007276,0.6516245487364621,0.08750454490364805,0.7489591294329679,0.25104087056703206,0.25849388216592595,0.6516245487364621,2.520850951196545
