person_id,simulation_phenotype,observations,mean_glucose,median_glucose,std_glucose,min_glucose,max_glucose,percent_gt_180,percent_gte_250,observations_gt_180,observations_gte_250
SYN-0001,No diabetes-like,2016,95.1795634920635,91.65,15.306073301425869,64.9,153.1,0.0,0.0,0,0
SYN-0002,No diabetes-like,2016,96.89583333333333,91.15,17.95981211250901,69.0,189.5,0.2976190476190476,0.0,6,0
SYN-0003,No diabetes-like,2016,97.95183531746031,95.5,13.38574986168002,70.9,153.9,0.0,0.0,0,0
SYN-0004,No diabetes-like,2016,99.26651785714287,97.7,12.717921743610631,73.2,139.3,0.0,0.0,0,0
SYN-0005,No diabetes-like,2016,96.5110119047619,93.1,13.085998721868409,69.0,151.9,0.0,0.0,0,0
SYN-0006,No diabetes-like,2016,112.66125992063492,108.75,17.511052934881985,81.6,195.8,0.7936507936507936,0.0,16,0
SYN-0007,No diabetes-like,2016,92.70099206349207,87.6,15.033296345622992,69.7,153.0,0.0,0.0,0,0
SYN-0008,No diabetes-like,2016,101.00287698412698,98.7,14.7486632832244,70.0,162.2,0.0,0.0,0,0
SYN-0009,No diabetes-like,2016,99.45570436507937,96.6,12.417753128253276,75.9,139.0,0.0,0.0,0,0
SYN-0010,No diabetes-like,2016,105.59002976190476,103.7,14.00438551655817,71.8,155.5,0.0,0.0,0,0
SYN-0011,No diabetes-like,2016,107.34429563492064,103.0,15.121320698024594,83.6,168.9,0.0,0.0,0,0
SYN-0012,No diabetes-like,2016,99.38745039682539,97.7,10.677794320964125,75.7,133.5,0.0,0.0,0,0
SYN-0013,No diabetes-like,2016,103.34672619047619,98.35,18.244284170928893,69.0,189.1,0.248015873015873,0.0,5,0
SYN-0014,No diabetes-like,2016,93.55128968253969,91.95,13.68819086130437,65.5,165.8,0.0,0.0,0,0
SYN-0015,No diabetes-like,2016,98.97648809523808,94.6,14.635403309869465,76.3,167.7,0.0,0.0,0,0
SYN-0016,No diabetes-like,2016,100.19786706349205,95.2,16.53618036177064,72.8,163.4,0.0,0.0,0,0
SYN-0017,No diabetes-like,2016,95.35153769841268,88.8,18.326800335506903,72.3,174.2,0.0,0.0,0,0
SYN-0018,No diabetes-like,2016,110.71850198412699,106.1,17.359467348919708,78.3,185.4,0.248015873015873,0.0,5,0
SYN-0019,No diabetes-like,2016,93.16840277777777,88.6,15.52896592686676,66.5,170.6,0.0,0.0,0,0
SYN-0020,No diabetes-like,2016,92.24370039682539,90.0,13.440335574119153,64.2,144.4,0.0,0.0,0,0
SYN-0021,No diabetes-like,2016,103.36011904761905,101.1,11.793859982468367,81.4,139.8,0.0,0.0,0,0
SYN-0022,No diabetes-like,2016,89.6608134920635,85.8,12.784756825213286,68.7,139.3,0.0,0.0,0,0
SYN-0023,No diabetes-like,2016,85.81374007936508,82.9,12.234645705266676,64.4,137.0,0.0,0.0,0,0
SYN-0024,No diabetes-like,2016,97.14469246031747,93.0,14.344604699149132,71.1,153.8,0.0,0.0,0,0
SYN-0025,No diabetes-like,2016,98.51651785714286,96.3,11.63454213527321,70.9,140.6,0.0,0.0,0,0
SYN-0026,No diabetes-like,2016,100.69037698412698,97.05,16.43158118396422,69.1,176.3,0.0,0.0,0,0
SYN-0027,No diabetes-like,2016,94.52147817460317,92.2,12.227211243232047,69.9,139.0,0.0,0.0,0,0
SYN-0028,No diabetes-like,2016,93.16031746031747,90.6,14.100922402590676,69.9,152.3,0.0,0.0,0,0
SYN-0029,No diabetes-like,2016,98.01016865079364,96.1,12.43869256497182,69.3,168.3,0.0,0.0,0,0
SYN-0030,No diabetes-like,2016,110.70997023809525,106.55,15.134162784088602,82.7,170.9,0.0,0.0,0,0
SYN-0031,No diabetes-like,2016,101.57132936507936,97.6,15.172677592590098,65.0,154.7,0.0,0.0,0,0
SYN-0032,No diabetes-like,2016,102.75074404761905,97.75,15.48082426880597,80.1,169.9,0.0,0.0,0,0
SYN-0033,No diabetes-like,2016,94.63244047619048,91.6,15.435112213026287,62.0,160.0,0.0,0.0,0,0
SYN-0034,No diabetes-like,2016,100.07539682539682,95.5,14.443327079067444,76.9,172.2,0.0,0.0,0,0
SYN-0035,No diabetes-like,2016,99.54707341269842,96.7,15.63804838167666,67.6,176.3,0.0,0.0,0,0
SYN-0036,No diabetes-like,2016,94.52470238095238,89.7,14.201957189088727,71.8,158.9,0.0,0.0,0,0
SYN-0037,No diabetes-like,2016,99.21825396825396,93.2,16.979008324965267,78.1,186.6,0.1488095238095238,0.0,3,0
SYN-0038,No diabetes-like,2016,90.82752976190476,88.6,11.426519632732791,65.5,128.6,0.0,0.0,0,0
SYN-0039,No diabetes-like,2016,93.88541666666667,90.0,15.268173668491457,70.7,177.3,0.0,0.0,0,0
SYN-0040,No diabetes-like,2016,96.29102182539681,91.3,15.443096339895543,71.4,162.3,0.0,0.0,0,0
SYN-0041,Prediabetes-like,2016,115.77475198412698,105.45,29.982915440309345,77.2,243.2,4.365079365079365,0.0,88,0
SYN-0042,Prediabetes-like,2016,121.8124503968254,110.7,29.21531140674478,84.8,246.6,6.101190476190476,0.0,123,0
SYN-0043,Prediabetes-like,2016,112.52767857142857,107.8,22.37168468623019,69.2,208.4,1.7857142857142856,0.0,36,0
SYN-0044,Prediabetes-like,2016,121.46066468253969,115.3,24.17381055972212,79.3,212.3,2.9265873015873014,0.0,59,0
SYN-0045,Prediabetes-like,2016,127.85367063492065,120.5,26.681536378965983,78.3,237.6,5.357142857142857,0.0,108,0
SYN-0046,Prediabetes-like,2016,122.9937003968254,111.75,33.2780492335651,78.5,260.5,7.490079365079365,0.3472222222222222,151,7
SYN-0047,Prediabetes-like,2016,132.09211309523806,125.4,22.647742941549566,94.5,240.7,4.464285714285714,0.0,90,0
SYN-0048,Prediabetes-like,2016,120.20238095238095,110.6,30.63016457548514,69.4,275.0,4.9603174603174605,0.2976190476190476,100,6
SYN-0049,Prediabetes-like,2016,119.04057539682539,112.1,26.069485132111254,71.3,227.6,3.968253968253968,0.0,80,0
SYN-0050,Prediabetes-like,2016,114.31835317460317,109.45,18.26340360208836,78.5,195.5,0.3968253968253968,0.0,8,0
SYN-0051,Prediabetes-like,2016,103.05639880952381,96.05,26.06152709967178,56.5,245.9,1.3888888888888888,0.0,28,0
SYN-0052,Prediabetes-like,2016,135.42371031746032,127.4,27.491944289505668,83.9,273.2,9.375,0.496031746031746,189,10
SYN-0053,Prediabetes-like,2016,132.36165674603174,123.1,28.741717340231098,81.2,228.2,9.771825396825397,0.0,197,0
SYN-0054,Prediabetes-like,2016,138.03874007936506,129.5,26.802818306682656,96.2,284.7,9.474206349206348,0.6944444444444444,191,14
SYN-0055,Prediabetes-like,2016,114.30014880952382,106.4,29.310213922391558,63.6,245.7,4.662698412698413,0.0,94,0
SYN-0056,Prediabetes-like,2016,128.39330357142856,120.2,24.84897269444629,94.3,258.2,5.158730158730158,0.1984126984126984,104,4
SYN-0057,Prediabetes-like,2016,100.44970238095237,90.25,28.2017473001207,64.9,232.2,2.2817460317460316,0.0,46,0
SYN-0058,Prediabetes-like,2016,121.72921626984127,114.7,23.875908818649805,83.7,226.6,2.380952380952381,0.0,48,0
SYN-0059,Prediabetes-like,2016,124.74513888888889,115.9,26.709675502329816,87.3,237.2,4.811507936507937,0.0,97,0
SYN-0060,Prediabetes-like,2016,108.95376984126983,102.7,26.062168957967618,56.1,237.0,2.6785714285714284,0.0,54,0
SYN-0061,Prediabetes-like,2016,126.10679563492064,119.7,22.18845067539848,83.6,222.4,2.876984126984127,0.0,58,0
SYN-0062,Prediabetes-like,2016,126.06602182539682,119.5,21.215570882923632,94.1,247.1,1.7857142857142856,0.0,36,0
SYN-0063,Prediabetes-like,2016,138.81582341269842,134.2,19.75433068369721,93.2,236.5,4.216269841269842,0.0,85,0
SYN-0064,Prediabetes-like,2016,128.04191468253967,120.7,25.522791334868497,80.0,254.8,4.563492063492063,0.248015873015873,92,5
SYN-0065,Prediabetes-like,2016,140.7891369047619,135.8,25.629517839087924,92.6,259.0,7.390873015873016,0.2976190476190476,149,6
SYN-0066,Prediabetes-like,2016,127.38363095238095,118.55,30.506444340718634,81.6,258.0,7.192460317460317,0.1488095238095238,145,3
SYN-0067,Prediabetes-like,2016,119.61478174603175,114.2,21.071376272490074,81.7,243.7,2.5297619047619047,0.0,51,0
SYN-0068,Prediabetes-like,2016,114.14419642857143,106.35,28.40270801140708,64.8,224.1,3.1746031746031744,0.0,64,0
SYN-0069,Prediabetes-like,2016,131.5949404761905,121.0,32.166911843767245,91.2,288.1,9.226190476190476,1.0912698412698412,186,22
SYN-0070,Prediabetes-like,2016,116.63313492063492,107.8,27.2486862349758,71.8,220.4,3.9186507936507935,0.0,79,0
SYN-0071,T2D-like,2016,153.3268353174603,143.05,42.46142396535846,75.5,367.2,18.501984126984127,4.464285714285714,373,90
SYN-0072,T2D-like,2016,176.76225198412695,164.6,44.60086612660867,92.5,361.6,32.09325396825397,6.845238095238096,647,138
SYN-0073,T2D-like,2016,170.33660714285713,161.8,33.61788914650101,108.0,315.2,26.38888888888889,3.5218253968253967,532,71
SYN-0074,T2D-like,2016,121.93139880952381,109.15,46.15962821181278,40.0,313.6,11.408730158730158,2.2817460317460316,230,46
SYN-0075,T2D-like,2016,112.45555555555556,102.2,40.441104300096754,43.4,280.8,7.341269841269842,1.636904761904762,148,33
SYN-0076,T2D-like,2016,144.86894841269842,132.25,41.96289366511436,82.5,365.2,16.17063492063492,3.273809523809524,326,66
SYN-0077,T2D-like,2016,158.0236607142857,147.85000000000002,37.51387251350847,75.3,327.7,22.42063492063492,3.1746031746031744,452,64
SYN-0078,T2D-like,2016,174.08020833333333,163.1,40.5800623362281,107.7,372.3,31.944444444444443,5.555555555555555,644,112
SYN-0079,T2D-like,2016,151.4703869047619,137.75,43.34597111565747,89.6,354.3,18.10515873015873,4.662698412698413,365,94
SYN-0080,T2D-like,2016,172.8721726190476,161.3,41.1021061620906,97.6,346.5,31.69642857142857,6.15079365079365,639,124
SYN-0081,T2D-like,2016,124.92703373015873,116.4,37.66292630949427,62.8,295.8,8.482142857142858,1.2400793650793651,171,25
SYN-0082,T2D-like,2016,167.3762400793651,148.6,50.936451196527024,104.5,375.0,25.34722222222222,9.226190476190476,511,186
SYN-0083,T2D-like,2016,167.43511904761905,154.55,44.64748406167955,89.9,345.3,28.075396825396826,6.9940476190476195,566,141
SYN-0084,T2D-like,2016,162.95758928571428,150.5,42.474488994301176,89.3,352.2,23.809523809523807,5.5059523809523805,480,111
SYN-0085,T2D-like,2016,192.13690476190476,175.0,50.52504984833298,118.7,400.0,44.19642857142857,14.335317460317459,891,289
SYN-0086,T2D-like,2016,151.19618055555554,137.55,43.27342338559341,95.1,354.1,18.3531746031746,4.513888888888888,370,91
SYN-0087,T2D-like,2016,181.89404761904763,165.75,50.325507143656466,109.8,376.9,37.301587301587304,11.061507936507937,752,223
SYN-0088,T2D-like,2016,157.0495535714286,140.3,47.72587480970329,88.1,350.7,22.023809523809522,6.547619047619048,444,132
SYN-0089,T2D-like,2016,171.34355158730156,162.8,39.93319804112711,94.2,400.0,30.109126984126984,4.017857142857143,607,81
SYN-0090,T2D-like,2016,181.7279761904762,168.5,40.94661780597167,126.2,364.4,35.714285714285715,7.936507936507936,720,160
SYN-0091,T2D-like,2016,165.80297619047622,151.4,44.08469674859758,100.8,371.6,26.38888888888889,6.299603174603174,532,127
SYN-0092,T2D-like,2016,184.1936011904762,166.9,48.315217806504855,107.9,397.4,36.75595238095239,10.466269841269842,741,211
SYN-0093,T2D-like,2016,162.55396825396824,147.2,47.699832379779295,97.7,373.2,23.859126984126984,6.299603174603174,481,127
SYN-0094,T2D-like,2016,188.03338293650793,172.7,49.36433942244722,102.7,382.7,41.86507936507937,13.045634920634921,844,263
SYN-0095,T2D-like,2016,161.15084325396825,150.1,38.813589486378426,93.4,306.0,22.71825396825397,3.7698412698412698,458,76
SYN-0096,T2D-like,2016,163.27212301587304,151.75,41.669350676048694,90.9,342.0,22.42063492063492,5.208333333333334,452,105
SYN-0097,T2D-like,2016,148.54260912698413,137.95,40.67502504571417,79.1,362.2,15.476190476190476,3.670634920634921,312,74
SYN-0098,T2D-like,2016,154.54285714285714,143.4,39.07873986264192,80.4,351.7,19.74206349206349,3.8194444444444446,398,77
SYN-0099,T2D-like,2016,180.99613095238092,164.5,48.18688942613401,102.8,358.9,32.93650793650794,11.706349206349206,664,236
SYN-0100,T2D-like,2016,161.80684523809524,148.7,43.00460893722936,91.6,354.0,21.825396825396826,5.307539682539683,440,107
