person_id,simulation_phenotype,baseline_glucose_mg_dl,circadian_amplitude,noise_scale,meal_response_scale,recovery_parameter,excursion_probability,random_seed,observation_count,simulation_days
SYN-0001,No diabetes-like,89.724,7.696,3.211,37.375,0.06584,0.04,1588763851,2016,7
SYN-0002,No diabetes-like,90.123,5.581,2.967,40.73,0.06557,0.04,427182710,2016,7
SYN-0003,No diabetes-like,91.791,7.959,3.589,28.832,0.05573,0.04,1562524086,2016,7
SYN-0004,No diabetes-like,94.737,9.719,2.056,24.589,0.05519,0.04,2092349114,2016,7
SYN-0005,No diabetes-like,90.736,4.058,3.165,33.366,0.05694,0.04,918007280,2016,7
SYN-0006,No diabetes-like,105.728,9.89,2.884,36.888,0.05199,0.04,1080243661,2016,7
SYN-0007,No diabetes-like,85.884,4.182,2.401,37.623,0.06388,0.04,1164828120,2016,7
SYN-0008,No diabetes-like,96.432,9.172,3.912,23.401,0.0594,0.04,1951966481,2016,7
SYN-0009,No diabetes-like,95.806,8.044,2.562,26.977,0.07002,0.04,397540482,2016,7
SYN-0010,No diabetes-like,100.747,9.522,3.367,26.91,0.05194,0.04,708476473,2016,7
SYN-0011,No diabetes-like,101.018,7.544,2.178,38.123,0.06848,0.04,1434733224,2016,7
SYN-0012,No diabetes-like,96.114,5.897,2.935,22.811,0.06926,0.04,921258473,2016,7
SYN-0013,No diabetes-like,96.443,7.247,3.044,38.283,0.06821,0.04,1229804316,2016,7
SYN-0014,No diabetes-like,88.94,9.377,2.99,24.568,0.05952,0.04,579116834,2016,7
SYN-0015,No diabetes-like,92.184,4.763,2.548,33.701,0.06004,0.04,1168756890,2016,7
SYN-0016,No diabetes-like,93.547,7.218,2.751,41.392,0.05691,0.04,1905796116,2016,7
SYN-0017,No diabetes-like,86.758,6.524,1.805,41.921,0.0528,0.04,962986437,2016,7
SYN-0018,No diabetes-like,103.86,7.607,3.481,39.26,0.05505,0.04,517506593,2016,7
SYN-0019,No diabetes-like,87.52,4.537,3.475,37.098,0.0603,0.04,1868822437,2016,7
SYN-0020,No diabetes-like,86.879,7.604,3.579,31.909,0.06648,0.04,206689920,2016,7
SYN-0021,No diabetes-like,99.076,8.873,1.899,25.095,0.05226,0.04,1585294878,2016,7
SYN-0022,No diabetes-like,84.187,5.432,2.301,31.112,0.07158,0.04,366405051,2016,7
SYN-0023,No diabetes-like,81.184,6.894,2.095,28.009,0.06114,0.04,452522532,2016,7
SYN-0024,No diabetes-like,91.818,5.97,2.672,36.57,0.06941,0.04,149582236,2016,7
SYN-0025,No diabetes-like,93.75,4.92,3.666,24.905,0.05725,0.04,960747795,2016,7
SYN-0026,No diabetes-like,94.398,7.468,3.687,27.49,0.05957,0.04,1333036162,2016,7
SYN-0027,No diabetes-like,89.888,5.91,3.705,29.098,0.06965,0.04,2016996293,2016,7
SYN-0028,No diabetes-like,88.101,9.415,2.038,29.064,0.06487,0.04,2132762625,2016,7
SYN-0029,No diabetes-like,93.953,6.022,3.71,22.153,0.0713,0.04,1134891529,2016,7
SYN-0030,No diabetes-like,105.076,6.191,3.129,32.848,0.05432,0.04,355266934,2016,7
SYN-0031,No diabetes-like,95.814,7.186,3.522,34.496,0.05959,0.04,1117696117,2016,7
SYN-0032,No diabetes-like,96.935,7.88,1.974,34.472,0.07213,0.04,1789543724,2016,7
SYN-0033,No diabetes-like,88.901,7.618,3.83,35.449,0.06511,0.04,1925798724,2016,7
SYN-0034,No diabetes-like,94.598,4.973,2.542,33.485,0.07156,0.04,1073431192,2016,7
SYN-0035,No diabetes-like,94.568,8.991,3.162,32.781,0.07328,0.04,2079723566,2016,7
SYN-0036,No diabetes-like,87.949,4.682,2.254,36.389,0.05376,0.04,2095913451,2016,7
SYN-0037,No diabetes-like,92.068,4.236,2.298,40.715,0.06002,0.04,912109722,2016,7
SYN-0038,No diabetes-like,86.954,8.426,2.029,24.411,0.0747,0.04,831177031,2016,7
SYN-0039,No diabetes-like,87.88,6.747,3.115,31.587,0.0581,0.04,308023739,2016,7
SYN-0040,No diabetes-like,90.187,7.803,2.524,34.355,0.06865,0.04,1390367017,2016,7
SYN-0041,Prediabetes-like,102.128,10.586,3.677,61.12,0.04954,0.16,82378481,2016,7
SYN-0042,Prediabetes-like,106.113,7.43,3.179,63.032,0.0376,0.16,45619560,2016,7
SYN-0043,Prediabetes-like,102.077,8.041,5.539,42.051,0.03749,0.16,1251046966,2016,7
SYN-0044,Prediabetes-like,110.5,9.815,4.377,57.297,0.03888,0.16,1184507967,2016,7
SYN-0045,Prediabetes-like,115.901,11.878,4.556,56.883,0.04892,0.16,1167738995,2016,7
SYN-0046,Prediabetes-like,106.234,13.864,3.985,67.22,0.04664,0.16,790020859,2016,7
SYN-0047,Prediabetes-like,121.345,8.655,3.563,50.107,0.04109,0.16,1715028723,2016,7
SYN-0048,Prediabetes-like,104.484,12.523,3.522,64.255,0.04086,0.16,1481593737,2016,7
SYN-0049,Prediabetes-like,107.475,8.282,5.681,47.89,0.03776,0.16,1872474766,2016,7
SYN-0050,Prediabetes-like,107.275,9.256,3.704,38.734,0.04713,0.16,24679595,2016,7
SYN-0051,Prediabetes-like,91.158,10.13,5.061,57.444,0.04178,0.16,1610955455,2016,7
SYN-0052,Prediabetes-like,123.167,11.255,4.746,63.192,0.04918,0.16,2004392280,2016,7
SYN-0053,Prediabetes-like,119.024,11.807,5.812,62.507,0.05041,0.16,1478995190,2016,7
SYN-0054,Prediabetes-like,126.333,6.926,4.598,62.359,0.05759,0.16,1953805609,2016,7
SYN-0055,Prediabetes-like,100.584,10.332,5.695,64.22,0.04479,0.16,1136003506,2016,7
SYN-0056,Prediabetes-like,116.749,9.89,3.086,63.934,0.051,0.16,516887843,2016,7
SYN-0057,Prediabetes-like,87.647,6.308,3.987,61.409,0.05682,0.16,1082586043,2016,7
SYN-0058,Prediabetes-like,110.899,10.693,3.453,49.663,0.03783,0.16,570684859,2016,7
SYN-0059,Prediabetes-like,110.374,9.476,3.477,58.479,0.03621,0.16,1121110602,2016,7
SYN-0060,Prediabetes-like,98.222,10.302,5.353,45.439,0.05485,0.16,689291039,2016,7
SYN-0061,Prediabetes-like,116.083,6.053,5.153,46.333,0.03687,0.16,1965019006,2016,7
SYN-0062,Prediabetes-like,115.934,7.822,3.325,47.795,0.0371,0.16,1867933329,2016,7
SYN-0063,Prediabetes-like,131.823,10.612,4.149,40.432,0.04267,0.16,1203592430,2016,7
SYN-0064,Prediabetes-like,116.616,11.056,4.216,49.966,0.05537,0.16,778114859,2016,7
SYN-0065,Prediabetes-like,130.123,13.129,4.593,47.355,0.03723,0.16,2002171345,2016,7
SYN-0066,Prediabetes-like,114.771,13.282,5.34,53.72,0.05348,0.16,1923630552,2016,7
SYN-0067,Prediabetes-like,111.156,9.01,4.476,39.661,0.0448,0.16,1787597981,2016,7
SYN-0068,Prediabetes-like,101.628,12.322,5.856,64.604,0.05596,0.16,1961350455,2016,7
SYN-0069,Prediabetes-like,117.228,10.529,3.54,64.968,0.05156,0.16,799329139,2016,7
SYN-0070,Prediabetes-like,104.86,11.099,3.656,63.671,0.05609,0.16,2024515623,2016,7
SYN-0071,T2D-like,133.286,13.067,8.247,73.986,0.03884,0.34,1355227415,2016,7
SYN-0072,T2D-like,156.155,14.757,8.763,73.863,0.033,0.34,1808154702,2016,7
SYN-0073,T2D-like,154.365,9.523,7.745,61.712,0.02714,0.34,189198901,2016,7
SYN-0074,T2D-like,99.729,14.724,8.656,86.478,0.04421,0.34,2003854067,2016,7
SYN-0075,T2D-like,93.058,9.434,6.922,61.739,0.03058,0.34,605221851,2016,7
SYN-0076,T2D-like,125.251,11.419,6.983,83.793,0.02521,0.34,646816154,2016,7
SYN-0077,T2D-like,139.861,18.143,6.829,65.543,0.02302,0.34,196861189,2016,7
SYN-0078,T2D-like,155.297,19.391,5.451,75.739,0.03895,0.34,1792093824,2016,7
SYN-0079,T2D-like,130.081,8.854,6.916,79.913,0.03003,0.34,2136473689,2016,7
SYN-0080,T2D-like,153.809,16.824,6.817,77.746,0.03582,0.34,1344975133,2016,7
SYN-0081,T2D-like,106.263,16.511,7.085,70.03,0.0247,0.34,2090284555,2016,7
SYN-0082,T2D-like,140.92,13.664,4.958,103.242,0.03578,0.34,1886794650,2016,7
SYN-0083,T2D-like,146.509,18.944,8.879,92.635,0.04473,0.34,1514524751,2016,7
SYN-0084,T2D-like,141.776,9.688,7.504,69.07,0.0351,0.34,225472059,2016,7
SYN-0085,T2D-like,164.903,9.848,7.526,82.098,0.02219,0.34,1037789895,2016,7
SYN-0086,T2D-like,129.932,14.961,5.476,78.983,0.03325,0.34,1111977198,2016,7
SYN-0087,T2D-like,158.684,18.127,7.187,93.869,0.02356,0.34,2048869184,2016,7
SYN-0088,T2D-like,131.596,8.611,7.17,94.433,0.03201,0.34,66369195,2016,7
SYN-0089,T2D-like,153.555,13.843,8.859,86.96,0.03709,0.34,1084308377,2016,7
SYN-0090,T2D-like,161.944,12.395,5.282,73.855,0.02846,0.34,768705611,2016,7
SYN-0091,T2D-like,146.437,18.792,4.755,81.06,0.04314,0.34,624618350,2016,7
SYN-0092,T2D-like,158.643,15.075,6.11,90.02,0.0394,0.34,1575526640,2016,7
SYN-0093,T2D-like,138.348,17.911,4.904,90.327,0.03203,0.34,648591825,2016,7
SYN-0094,T2D-like,163.744,17.91,8.217,83.446,0.02292,0.34,1806292181,2016,7
SYN-0095,T2D-like,139.682,12.107,8.287,73.428,0.02884,0.34,857833905,2016,7
SYN-0096,T2D-like,142.272,14.416,8.218,74.271,0.02377,0.34,907959593,2016,7
SYN-0097,T2D-like,129.885,12.757,7.547,60.667,0.03222,0.34,1153296187,2016,7
SYN-0098,T2D-like,139.254,10.032,8.042,61.104,0.04468,0.34,223599515,2016,7
SYN-0099,T2D-like,153.268,8.529,7.943,93.528,0.02826,0.34,314354763,2016,7
SYN-0100,T2D-like,138.145,9.87,7.193,95.56,0.02476,0.34,770720668,2016,7
